country_fa,year,flood_events,drought_events,storm_events,extreme_temp_events,earthquake_events,total_events,deaths_total,affected_M,source,confidence
ایران,1991,4,0,0,2,2,8,219,0.05,EM-DAT بازسازی آماری,D
ایران,1992,4,1,0,2,2,9,191,0.9,EM-DAT بازسازی آماری,D
ایران,1993,5,0,2,1,2,10,62,0.17,EM-DAT بازسازی آماری,D
ایران,1994,2,1,0,1,1,5,62,0.31,EM-DAT بازسازی آماری,D
ایران,1995,2,0,0,1,0,3,36,0.1,EM-DAT بازسازی آماری,D
ایران,1996,5,1,1,0,0,7,65,2.98,EM-DAT بازسازی آماری,D
ایران,1997,1,0,1,0,1,3,172,0.27,EM-DAT بازسازی آماری,D
ایران,1998,3,1,2,1,1,8,220,21.53,EM-DAT بازسازی آماری,D
ایران,1999,4,0,2,0,0,6,158,0.63,EM-DAT بازسازی آماری,D
ایران,2000,3,1,0,0,2,6,394,3.61,EM-DAT بازسازی آماری,D
ایران,2001,3,0,0,0,0,3,11,0.21,EM-DAT بازسازی آماری,D
ایران,2002,0,0,1,2,0,3,61,0.05,EM-DAT بازسازی آماری,D
ایران,2003,2,1,0,0,0,3,1,9.35,EM-DAT بازسازی آماری,D
ایران,2004,2,1,1,0,1,5,231,4.4,EM-DAT بازسازی آماری,D
ایران,2005,3,1,1,3,0,8,164,15.43,EM-DAT بازسازی آماری,D
ایران,2006,6,0,0,0,1,7,88,0.1,EM-DAT بازسازی آماری,D
ایران,2007,2,0,0,1,1,4,15,0.03,EM-DAT بازسازی آماری,D
ایران,2008,2,0,0,0,1,3,97,0.05,EM-DAT بازسازی آماری,D
ایران,2009,4,1,1,2,0,8,104,6.01,EM-DAT بازسازی آماری,D
ایران,2010,3,0,1,0,1,5,240,0.52,EM-DAT بازسازی آماری,D
ایران,2011,10,0,0,0,1,11,168,0.86,EM-DAT بازسازی آماری,D
ایران,2012,4,0,0,0,3,7,125,0.43,EM-DAT بازسازی آماری,D
ایران,2013,3,0,1,0,0,4,27,0.63,EM-DAT بازسازی آماری,D
ایران,2014,1,1,1,1,1,5,21,2.44,EM-DAT بازسازی آماری,D
ایران,2015,5,1,0,2,1,9,142,2.71,EM-DAT بازسازی آماری,D
ایران,2016,4,0,1,1,0,6,24,0.42,EM-DAT بازسازی آماری,D
ایران,2017,2,1,1,1,1,6,55,1.21,EM-DAT بازسازی آماری,D
ایران,2018,3,1,0,2,2,8,319,2.61,EM-DAT بازسازی آماری,D
ایران,2019,4,0,1,0,2,7,578,0.17,EM-DAT بازسازی آماری,D
ایران,2020,5,1,0,0,1,7,183,11.71,EM-DAT بازسازی آماری,D
ایران,2021,5,1,0,3,2,11,167,4.07,EM-DAT بازسازی آماری,D
ایران,2022,3,1,0,1,2,7,43,2.22,EM-DAT بازسازی آماری,D
ایران,2023,4,0,0,1,0,5,155,0.03,EM-DAT بازسازی آماری,D
ایران,2024,5,0,1,0,0,6,30,3.32,EM-DAT بازسازی آماری,D
ترکیه,1991,0,0,2,0,2,4,68,0.11,EM-DAT بازسازی آماری,D
ترکیه,1992,5,0,0,1,3,9,436,0.55,EM-DAT بازسازی آماری,D
ترکیه,1993,3,0,1,2,1,7,86,0.07,EM-DAT بازسازی آماری,D
ترکیه,1994,3,1,0,1,1,6,195,1.46,EM-DAT بازسازی آماری,D
ترکیه,1995,2,0,0,0,1,3,104,0.35,EM-DAT بازسازی آماری,D
ترکیه,1996,5,0,0,0,2,7,6,0.18,EM-DAT بازسازی آماری,D
ترکیه,1997,4,0,0,1,2,7,367,0.09,EM-DAT بازسازی آماری,D
ترکیه,1998,6,0,3,0,4,13,828,0.56,EM-DAT بازسازی آماری,D
ترکیه,1999,4,0,0,1,2,7,451,0.36,EM-DAT بازسازی آماری,D
ترکیه,2000,4,0,0,0,5,9,268,0.82,EM-DAT بازسازی آماری,D
ترکیه,2001,4,0,0,1,3,8,116,0.33,EM-DAT بازسازی آماری,D
ترکیه,2002,4,0,0,1,1,6,86,0.06,EM-DAT بازسازی آماری,D
ترکیه,2003,6,0,1,1,2,10,407,1.31,EM-DAT بازسازی آماری,D
ترکیه,2004,3,0,1,0,2,6,111,0.05,EM-DAT بازسازی آماری,D
ترکیه,2005,3,0,2,1,1,7,115,0.17,EM-DAT بازسازی آماری,D
ترکیه,2006,3,0,0,0,1,4,128,0.12,EM-DAT بازسازی آماری,D
ترکیه,2007,5,0,0,1,2,8,359,0.32,EM-DAT بازسازی آماری,D
ترکیه,2008,6,0,1,0,0,7,164,0.79,EM-DAT بازسازی آماری,D
ترکیه,2009,3,0,1,3,0,7,70,0.25,EM-DAT بازسازی آماری,D
ترکیه,2010,4,0,1,1,2,8,238,0.18,EM-DAT بازسازی آماری,D
ترکیه,2011,6,0,0,0,0,6,337,0.04,EM-DAT بازسازی آماری,D
ترکیه,2012,6,0,1,2,4,13,498,0.12,EM-DAT بازسازی آماری,D
ترکیه,2013,5,0,2,3,1,11,410,0.26,EM-DAT بازسازی آماری,D
ترکیه,2014,3,0,2,1,2,8,293,0.24,EM-DAT بازسازی آماری,D
ترکیه,2015,3,0,0,1,2,6,200,0.51,EM-DAT بازسازی آماری,D
ترکیه,2016,8,1,1,3,2,15,306,2.88,EM-DAT بازسازی آماری,D
ترکیه,2017,6,0,3,1,3,13,199,1.1,EM-DAT بازسازی آماری,D
ترکیه,2018,2,0,0,0,4,6,124,0.05,EM-DAT بازسازی آماری,D
ترکیه,2019,3,0,2,0,0,5,134,0.07,EM-DAT بازسازی آماری,D
ترکیه,2020,4,1,1,0,4,10,244,0.81,EM-DAT بازسازی آماری,D
ترکیه,2021,9,0,0,2,0,11,72,0.03,EM-DAT بازسازی آماری,D
ترکیه,2022,4,0,1,1,0,6,157,0.02,EM-DAT بازسازی آماری,D
ترکیه,2023,5,0,2,0,1,8,241,0.14,EM-DAT بازسازی آماری,D
ترکیه,2024,5,0,2,0,0,7,9,0.66,EM-DAT بازسازی آماری,D
مصر,1991,2,0,0,0,0,2,14,0.17,EM-DAT بازسازی آماری,D
مصر,1992,2,1,0,0,0,3,44,2.59,EM-DAT بازسازی آماری,D
مصر,1993,2,0,0,0,0,2,7,0.59,EM-DAT بازسازی آماری,D
مصر,1994,1,0,0,0,1,2,61,0.02,EM-DAT بازسازی آماری,D
مصر,1995,1,0,0,0,0,1,17,0.08,EM-DAT بازسازی آماری,D
مصر,1996,1,0,0,2,1,4,88,0.09,EM-DAT بازسازی آماری,D
مصر,1997,2,1,0,0,1,4,32,1.38,EM-DAT بازسازی آماری,D
مصر,1998,0,0,1,1,0,2,8,0.1,EM-DAT بازسازی آماری,D
مصر,1999,1,0,0,0,0,1,12,0.38,EM-DAT بازسازی آماری,D
مصر,2000,2,0,1,0,0,3,33,1.14,EM-DAT بازسازی آماری,D
مصر,2001,0,1,0,0,0,1,0,0.78,EM-DAT بازسازی آماری,D
مصر,2002,2,0,1,1,0,4,13,0.18,EM-DAT بازسازی آماری,D
مصر,2003,1,0,3,0,1,5,205,0.39,EM-DAT بازسازی آماری,D
مصر,2004,0,1,0,0,0,1,0,7.64,EM-DAT بازسازی آماری,D
مصر,2005,3,0,0,1,0,4,11,0.49,EM-DAT بازسازی آماری,D
مصر,2006,1,0,0,0,1,2,75,0.15,EM-DAT بازسازی آماری,D
مصر,2007,0,0,0,0,1,1,28,0.0,EM-DAT بازسازی آماری,D
مصر,2008,0,0,1,0,0,1,3,0.06,EM-DAT بازسازی آماری,D
مصر,2009,0,0,0,0,0,0,0,0.0,EM-DAT بازسازی آماری,D
مصر,2010,6,0,2,0,0,8,118,0.71,EM-DAT بازسازی آماری,D
مصر,2011,1,0,0,0,0,1,8,0.17,EM-DAT بازسازی آماری,D
مصر,2012,2,0,0,0,0,2,60,0.03,EM-DAT بازسازی آماری,D
مصر,2013,1,1,1,1,0,4,66,2.42,EM-DAT بازسازی آماری,D
مصر,2014,2,0,1,0,0,3,131,0.17,EM-DAT بازسازی آماری,D
مصر,2015,1,1,0,0,0,2,24,1.62,EM-DAT بازسازی آماری,D
مصر,2016,1,1,0,4,0,6,49,0.72,EM-DAT بازسازی آماری,D
مصر,2017,1,0,0,1,0,2,81,0.14,EM-DAT بازسازی آماری,D
مصر,2018,4,0,2,0,0,6,72,0.66,EM-DAT بازسازی آماری,D
مصر,2019,1,0,2,1,1,5,99,0.23,EM-DAT بازسازی آماری,D
مصر,2020,1,0,0,0,0,1,16,0.1,EM-DAT بازسازی آماری,D
مصر,2021,0,0,0,1,1,2,160,0.0,EM-DAT بازسازی آماری,D
مصر,2022,0,0,1,0,0,1,1,0.02,EM-DAT بازسازی آماری,D
مصر,2023,3,0,0,1,0,4,67,0.35,EM-DAT بازسازی آماری,D
مصر,2024,1,0,4,1,0,6,149,0.07,EM-DAT بازسازی آماری,D
عراق,1991,3,0,0,0,1,4,130,0.1,EM-DAT بازسازی آماری,D
عراق,1992,3,1,0,1,0,5,28,1.89,EM-DAT بازسازی آماری,D
عراق,1993,3,0,0,0,0,3,11,0.05,EM-DAT بازسازی آماری,D
عراق,1994,5,1,0,1,1,8,182,1.34,EM-DAT بازسازی آماری,D
عراق,1995,3,1,1,2,2,9,202,1.34,EM-DAT بازسازی آماری,D
عراق,1996,2,0,0,2,0,4,43,0.17,EM-DAT بازسازی آماری,D
عراق,1997,3,1,0,1,2,7,602,2.46,EM-DAT بازسازی آماری,D
عراق,1998,3,0,0,0,1,4,179,0.14,EM-DAT بازسازی آماری,D
عراق,1999,0,1,1,1,0,3,9,1.89,EM-DAT بازسازی آماری,D
عراق,2000,1,0,0,0,0,1,0,0.16,EM-DAT بازسازی آماری,D
عراق,2001,5,0,1,0,0,6,135,0.06,EM-DAT بازسازی آماری,D
عراق,2002,3,1,0,0,0,4,49,2.45,EM-DAT بازسازی آماری,D
عراق,2003,0,0,1,1,1,3,204,0.03,EM-DAT بازسازی آماری,D
عراق,2004,7,0,0,0,0,7,4,0.32,EM-DAT بازسازی آماری,D
عراق,2005,3,1,0,0,1,5,76,1.46,EM-DAT بازسازی آماری,D
عراق,2006,2,1,1,0,1,5,123,1.55,EM-DAT بازسازی آماری,D
عراق,2007,1,0,1,0,2,4,202,0.11,EM-DAT بازسازی آماری,D
عراق,2008,1,0,0,1,0,2,18,0.13,EM-DAT بازسازی آماری,D
عراق,2009,4,0,0,0,1,5,85,0.44,EM-DAT بازسازی آماری,D
عراق,2010,1,1,0,0,1,3,197,4.7,EM-DAT بازسازی آماری,D
عراق,2011,2,1,0,2,2,7,122,1.29,EM-DAT بازسازی آماری,D
عراق,2012,4,1,0,1,0,6,15,0.8,EM-DAT بازسازی آماری,D
عراق,2013,3,1,1,1,0,6,22,1.44,EM-DAT بازسازی آماری,D
عراق,2014,1,0,0,0,0,1,7,0.25,EM-DAT بازسازی آماری,D
عراق,2015,3,0,0,0,1,4,60,0.07,EM-DAT بازسازی آماری,D
عراق,2016,2,1,0,0,1,4,36,0.52,EM-DAT بازسازی آماری,D
عراق,2017,5,1,0,1,0,7,77,2.26,EM-DAT بازسازی آماری,D
عراق,2018,5,1,1,2,0,9,147,2.05,EM-DAT بازسازی آماری,D
عراق,2019,0,1,0,0,1,2,59,7.03,EM-DAT بازسازی آماری,D
عراق,2020,3,1,1,0,0,5,94,0.94,EM-DAT بازسازی آماری,D
عراق,2021,6,0,0,0,0,6,15,0.58,EM-DAT بازسازی آماری,D
عراق,2022,6,1,0,2,2,11,163,1.76,EM-DAT بازسازی آماری,D
عراق,2023,3,0,1,1,0,5,18,0.29,EM-DAT بازسازی آماری,D
عراق,2024,1,0,1,1,1,4,154,0.17,EM-DAT بازسازی آماری,D
عربستان,1991,0,0,1,1,1,3,53,0.07,EM-DAT بازسازی آماری,D
عربستان,1992,1,0,3,0,0,4,26,0.01,EM-DAT بازسازی آماری,D
عربستان,1993,0,0,0,0,0,0,0,0.0,EM-DAT بازسازی آماری,D
عربستان,1994,0,0,2,0,0,2,44,0.21,EM-DAT بازسازی آماری,D
عربستان,1995,0,0,2,0,0,2,25,0.11,EM-DAT بازسازی آماری,D
عربستان,1996,0,0,1,1,0,2,27,0.06,EM-DAT بازسازی آماری,D
عربستان,1997,0,0,0,0,1,1,172,0.0,EM-DAT بازسازی آماری,D
عربستان,1998,3,0,1,0,0,4,56,0.09,EM-DAT بازسازی آماری,D
عربستان,1999,1,0,2,0,0,3,39,0.06,EM-DAT بازسازی آماری,D
عربستان,2000,1,1,2,2,0,6,90,2.48,EM-DAT بازسازی آماری,D
عربستان,2001,1,0,1,2,0,4,177,0.12,EM-DAT بازسازی آماری,D
عربستان,2002,0,0,0,1,0,1,13,0.0,EM-DAT بازسازی آماری,D
عربستان,2003,1,0,1,1,0,3,59,0.02,EM-DAT بازسازی آماری,D
عربستان,2004,1,0,0,1,0,2,26,0.0,EM-DAT بازسازی آماری,D
عربستان,2005,1,0,2,0,0,3,42,0.07,EM-DAT بازسازی آماری,D
عربستان,2006,0,0,0,1,0,1,2,0.0,EM-DAT بازسازی آماری,D
عربستان,2007,0,0,0,1,0,1,37,0.0,EM-DAT بازسازی آماری,D
عربستان,2008,0,0,2,0,0,2,1,0.08,EM-DAT بازسازی آماری,D
عربستان,2009,0,0,1,0,1,2,58,0.04,EM-DAT بازسازی آماری,D
عربستان,2010,1,1,1,0,0,3,84,1.36,EM-DAT بازسازی آماری,D
عربستان,2011,1,1,2,0,0,4,26,0.73,EM-DAT بازسازی آماری,D
عربستان,2012,1,0,1,0,1,3,33,0.02,EM-DAT بازسازی آماری,D
عربستان,2013,1,0,1,2,0,4,17,0.12,EM-DAT بازسازی آماری,D
عربستان,2014,1,0,0,0,0,1,56,0.04,EM-DAT بازسازی آماری,D
عربستان,2015,1,0,1,1,0,3,81,0.03,EM-DAT بازسازی آماری,D
عربستان,2016,0,0,1,0,0,1,1,0.06,EM-DAT بازسازی آماری,D
عربستان,2017,1,1,1,1,1,5,85,2.55,EM-DAT بازسازی آماری,D
عربستان,2018,1,1,0,1,1,4,158,0.39,EM-DAT بازسازی آماری,D
عربستان,2019,1,0,0,0,0,1,26,0.04,EM-DAT بازسازی آماری,D
عربستان,2020,0,1,1,1,0,3,46,0.34,EM-DAT بازسازی آماری,D
عربستان,2021,0,1,0,0,1,2,68,0.14,EM-DAT بازسازی آماری,D
عربستان,2022,0,0,0,1,0,1,14,0.0,EM-DAT بازسازی آماری,D
عربستان,2023,0,0,1,0,0,1,18,0.05,EM-DAT بازسازی آماری,D
عربستان,2024,0,0,0,2,0,2,57,0.0,EM-DAT بازسازی آماری,D
امارات,1991,0,0,0,0,0,0,8,0.0,EM-DAT بازسازی آماری,D
امارات,1992,1,1,1,0,0,3,16,0.22,EM-DAT بازسازی آماری,D
امارات,1993,1,0,1,1,0,3,46,0.4,EM-DAT بازسازی آماری,D
امارات,1994,0,1,0,1,2,4,64,0.48,EM-DAT بازسازی آماری,D
امارات,1995,1,0,3,2,1,7,116,0.04,EM-DAT بازسازی آماری,D
امارات,1996,2,1,1,0,0,4,29,0.4,EM-DAT بازسازی آماری,D
امارات,1997,1,0,2,1,0,4,24,0.25,EM-DAT بازسازی آماری,D
امارات,1998,1,0,3,0,0,4,22,0.19,EM-DAT بازسازی آماری,D
امارات,1999,2,0,3,1,0,6,12,0.22,EM-DAT بازسازی آماری,D
امارات,2000,2,0,0,0,0,2,34,0.04,EM-DAT بازسازی آماری,D
امارات,2001,0,0,1,0,1,2,29,0.0,EM-DAT بازسازی آماری,D
امارات,2002,1,0,0,0,0,1,2,0.03,EM-DAT بازسازی آماری,D
امارات,2003,1,0,2,0,1,4,99,0.09,EM-DAT بازسازی آماری,D
امارات,2004,1,0,1,0,0,2,28,0.09,EM-DAT بازسازی آماری,D
امارات,2005,0,0,0,0,0,0,0,0.0,EM-DAT بازسازی آماری,D
امارات,2006,0,0,0,0,0,0,1,0.0,EM-DAT بازسازی آماری,D
امارات,2007,0,0,2,0,0,2,18,0.1,EM-DAT بازسازی آماری,D
امارات,2008,1,0,1,0,1,3,41,0.01,EM-DAT بازسازی آماری,D
امارات,2009,2,0,0,0,0,2,8,0.16,EM-DAT بازسازی آماری,D
امارات,2010,1,0,1,3,0,5,61,0.1,EM-DAT بازسازی آماری,D
امارات,2011,2,1,2,0,0,5,15,0.68,EM-DAT بازسازی آماری,D
امارات,2012,0,0,1,1,0,2,57,0.22,EM-DAT بازسازی آماری,D
امارات,2013,0,0,1,1,0,2,39,0.25,EM-DAT بازسازی آماری,D
امارات,2014,0,0,2,0,0,2,18,0.14,EM-DAT بازسازی آماری,D
امارات,2015,0,0,1,0,2,3,75,0.0,EM-DAT بازسازی آماری,D
امارات,2016,1,0,1,0,0,2,7,0.08,EM-DAT بازسازی آماری,D
امارات,2017,0,0,1,0,0,1,12,0.17,EM-DAT بازسازی آماری,D
امارات,2018,0,0,0,1,1,2,34,0.0,EM-DAT بازسازی آماری,D
امارات,2019,0,0,1,0,2,3,312,0.05,EM-DAT بازسازی آماری,D
امارات,2020,0,0,0,1,0,1,20,0.0,EM-DAT بازسازی آماری,D
امارات,2021,0,0,0,1,0,1,18,0.0,EM-DAT بازسازی آماری,D
امارات,2022,1,0,1,0,0,2,27,0.07,EM-DAT بازسازی آماری,D
امارات,2023,0,0,1,1,0,2,35,0.09,EM-DAT بازسازی آماری,D
امارات,2024,0,0,1,3,0,4,124,0.03,EM-DAT بازسازی آماری,D
پاکستان,1991,8,1,5,1,2,17,2183,18.63,EM-DAT بازسازی آماری,D
پاکستان,1992,6,0,4,1,1,12,719,12.51,EM-DAT بازسازی آماری,D
پاکستان,1993,7,0,3,0,1,11,914,4.35,EM-DAT بازسازی آماری,D
پاکستان,1994,9,0,1,3,0,13,1376,3.18,EM-DAT بازسازی آماری,D
پاکستان,1995,5,1,1,0,1,8,167,16.17,EM-DAT بازسازی آماری,D
پاکستان,1996,3,0,0,0,0,3,640,1.36,EM-DAT بازسازی آماری,D
پاکستان,1997,9,0,4,0,0,13,1068,16.12,EM-DAT بازسازی آماری,D
پاکستان,1998,6,1,2,0,0,9,772,46.41,EM-DAT بازسازی آماری,D
پاکستان,1999,4,0,0,0,0,4,284,5.26,EM-DAT بازسازی آماری,D
پاکستان,2000,7,1,0,1,0,9,1547,23.97,EM-DAT بازسازی آماری,D
پاکستان,2001,5,1,2,1,2,11,220,6.73,EM-DAT بازسازی آماری,D
پاکستان,2002,6,0,1,0,0,7,524,2.57,EM-DAT بازسازی آماری,D
پاکستان,2003,5,1,2,0,0,8,1282,26.13,EM-DAT بازسازی آماری,D
پاکستان,2004,5,0,3,1,0,9,105,11.35,EM-DAT بازسازی آماری,D
پاکستان,2005,4,0,3,1,0,8,446,6.19,EM-DAT بازسازی آماری,D
پاکستان,2006,8,0,1,2,0,11,252,1.33,EM-DAT بازسازی آماری,D
پاکستان,2007,11,0,2,0,3,16,1687,1.29,EM-DAT بازسازی آماری,D
پاکستان,2008,4,0,2,0,1,7,231,0.29,EM-DAT بازسازی آماری,D
پاکستان,2009,13,1,3,0,0,17,126,32.36,EM-DAT بازسازی آماری,D
پاکستان,2010,9,0,5,0,1,15,1913,0.63,EM-DAT بازسازی آماری,D
پاکستان,2011,3,0,2,0,3,8,450,6.41,EM-DAT بازسازی آماری,D
پاکستان,2012,3,0,5,1,2,11,258,8.97,EM-DAT بازسازی آماری,D
پاکستان,2013,4,0,0,0,1,5,1551,2.5,EM-DAT بازسازی آماری,D
پاکستان,2014,5,0,4,0,0,9,158,12.1,EM-DAT بازسازی آماری,D
پاکستان,2015,7,0,2,0,0,9,1170,0.34,EM-DAT بازسازی آماری,D
پاکستان,2016,5,1,1,1,1,9,267,19.47,EM-DAT بازسازی آماری,D
پاکستان,2017,5,1,5,1,0,12,1000,17.56,EM-DAT بازسازی آماری,D
پاکستان,2018,7,0,3,1,0,11,1595,31.67,EM-DAT بازسازی آماری,D
پاکستان,2019,7,0,1,1,0,9,333,33.52,EM-DAT بازسازی آماری,D
پاکستان,2020,6,0,4,1,1,12,395,5.83,EM-DAT بازسازی آماری,D
پاکستان,2021,5,1,2,1,1,10,516,9.48,EM-DAT بازسازی آماری,D
پاکستان,2022,6,0,1,1,3,11,158,11.05,EM-DAT بازسازی آماری,D
پاکستان,2023,7,0,3,1,0,11,1412,0.61,EM-DAT بازسازی آماری,D
پاکستان,2024,7,0,5,1,1,14,1234,5.39,EM-DAT بازسازی آماری,D
هند,1991,10,0,5,4,1,20,864,26.05,EM-DAT بازسازی آماری,D
هند,1992,24,0,2,1,2,29,1454,14.05,EM-DAT بازسازی آماری,D
هند,1993,14,1,12,0,0,27,1143,75.95,EM-DAT بازسازی آماری,D
هند,1994,11,0,10,3,2,26,1051,39.57,EM-DAT بازسازی آماری,D
هند,1995,17,0,3,0,2,22,7025,230.68,EM-DAT بازسازی آماری,D
هند,1996,11,0,7,2,0,20,932,3.08,EM-DAT بازسازی آماری,D
هند,1997,10,0,8,1,2,21,2008,33.41,EM-DAT بازسازی آماری,D
هند,1998,11,0,8,2,0,21,4288,0.56,EM-DAT بازسازی آماری,D
هند,1999,8,0,9,1,2,20,2800,4.41,EM-DAT بازسازی آماری,D
هند,2000,13,0,8,0,0,21,4092,2.48,EM-DAT بازسازی آماری,D
هند,2001,8,0,4,1,3,16,398,14.43,EM-DAT بازسازی آماری,D
هند,2002,11,0,9,2,0,22,3578,9.97,EM-DAT بازسازی آماری,D
هند,2003,10,1,9,2,1,23,746,14.07,EM-DAT بازسازی آماری,D
هند,2004,8,0,6,2,0,16,2985,2.36,EM-DAT بازسازی آماری,D
هند,2005,13,1,3,3,0,20,441,1.53,EM-DAT بازسازی آماری,D
هند,2006,9,0,9,3,0,21,5259,28.8,EM-DAT بازسازی آماری,D
هند,2007,7,1,6,1,1,16,1529,69.81,EM-DAT بازسازی آماری,D
هند,2008,11,0,6,1,0,18,747,22.04,EM-DAT بازسازی آماری,D
هند,2009,8,0,4,2,2,16,1389,22.92,EM-DAT بازسازی آماری,D
هند,2010,8,0,4,3,0,15,2724,98.45,EM-DAT بازسازی آماری,D
هند,2011,8,0,5,0,1,14,1832,6.99,EM-DAT بازسازی آماری,D
هند,2012,13,0,6,3,3,25,4283,8.81,EM-DAT بازسازی آماری,D
هند,2013,13,0,6,4,2,25,2003,16.61,EM-DAT بازسازی آماری,D
هند,2014,13,1,9,1,0,24,1494,34.16,EM-DAT بازسازی آماری,D
هند,2015,11,0,7,0,0,18,5248,73.6,EM-DAT بازسازی آماری,D
هند,2016,11,0,6,2,0,19,3248,51.46,EM-DAT بازسازی آماری,D
هند,2017,11,1,4,2,3,21,2841,51.19,EM-DAT بازسازی آماری,D
هند,2018,13,1,5,0,2,21,4042,124.98,EM-DAT بازسازی آماری,D
هند,2019,13,0,4,2,2,21,7785,10.93,EM-DAT بازسازی آماری,D
هند,2020,8,0,3,1,1,13,209,35.26,EM-DAT بازسازی آماری,D
هند,2021,11,1,4,1,2,19,2179,83.71,EM-DAT بازسازی آماری,D
هند,2022,10,1,2,2,1,16,5858,82.03,EM-DAT بازسازی آماری,D
هند,2023,9,0,3,2,2,16,1029,19.33,EM-DAT بازسازی آماری,D
هند,2024,15,0,4,1,2,22,13322,43.3,EM-DAT بازسازی آماری,D
چین,1991,8,1,10,2,5,26,895,88.47,EM-DAT بازسازی آماری,D
چین,1992,12,0,10,2,3,27,15455,9.62,EM-DAT بازسازی آماری,D
چین,1993,12,0,11,3,0,26,772,18.74,EM-DAT بازسازی آماری,D
چین,1994,8,0,4,1,1,14,1170,48.12,EM-DAT بازسازی آماری,D
چین,1995,12,0,4,2,3,21,6510,122.41,EM-DAT بازسازی آماری,D
چین,1996,11,1,2,1,4,19,3552,23.56,EM-DAT بازسازی آماری,D
چین,1997,14,0,8,1,2,25,19026,5.87,EM-DAT بازسازی آماری,D
چین,1998,9,0,8,0,2,19,5237,36.78,EM-DAT بازسازی آماری,D
چین,1999,15,0,6,1,1,23,6858,151.64,EM-DAT بازسازی آماری,D
چین,2000,6,0,4,0,2,12,4633,3.1,EM-DAT بازسازی آماری,D
چین,2001,11,0,2,1,1,15,3700,6.51,EM-DAT بازسازی آماری,D
چین,2002,13,1,7,3,2,26,10138,53.36,EM-DAT بازسازی آماری,D
چین,2003,6,0,5,1,0,12,314,21.15,EM-DAT بازسازی آماری,D
چین,2004,8,1,10,3,2,24,3135,40.43,EM-DAT بازسازی آماری,D
چین,2005,11,0,5,2,4,22,1720,6.38,EM-DAT بازسازی آماری,D
چین,2006,9,1,7,0,3,20,2191,136.82,EM-DAT بازسازی آماری,D
چین,2007,8,1,9,3,3,24,1223,11.13,EM-DAT بازسازی آماری,D
چین,2008,11,1,5,0,1,18,5779,119.43,EM-DAT بازسازی آماری,D
چین,2009,14,0,7,1,3,25,2929,33.12,EM-DAT بازسازی آماری,D
چین,2010,10,0,12,2,1,25,10300,35.83,EM-DAT بازسازی آماری,D
چین,2011,14,0,7,0,1,22,6226,49.47,EM-DAT بازسازی آماری,D
چین,2012,9,0,3,1,3,16,3531,12.87,EM-DAT بازسازی آماری,D
چین,2013,13,0,9,3,0,25,6082,114.36,EM-DAT بازسازی آماری,D
چین,2014,11,0,8,1,1,21,929,23.54,EM-DAT بازسازی آماری,D
چین,2015,10,0,6,2,6,24,7032,40.39,EM-DAT بازسازی آماری,D
چین,2016,11,0,13,3,0,27,5143,11.38,EM-DAT بازسازی آماری,D
چین,2017,11,1,11,0,2,25,4240,88.71,EM-DAT بازسازی آماری,D
چین,2018,10,0,14,2,1,27,1565,11.45,EM-DAT بازسازی آماری,D
چین,2019,13,0,10,3,2,28,8534,69.59,EM-DAT بازسازی آماری,D
چین,2020,9,0,6,3,2,20,5055,37.84,EM-DAT بازسازی آماری,D
چین,2021,13,0,9,1,1,24,4622,27.09,EM-DAT بازسازی آماری,D
چین,2022,13,1,8,0,3,25,1887,39.87,EM-DAT بازسازی آماری,D
چین,2023,19,0,6,2,1,28,13183,185.85,EM-DAT بازسازی آماری,D
چین,2024,10,0,8,1,1,20,1578,5.82,EM-DAT بازسازی آماری,D
قزاقستان,1991,1,0,1,0,0,2,9,0.04,EM-DAT بازسازی آماری,D
قزاقستان,1992,0,1,3,1,0,5,17,3.38,EM-DAT بازسازی آماری,D
قزاقستان,1993,4,0,2,2,0,8,132,0.14,EM-DAT بازسازی آماری,D
قزاقستان,1994,3,1,2,0,2,8,43,4.07,EM-DAT بازسازی آماری,D
قزاقستان,1995,2,1,2,0,0,5,17,0.17,EM-DAT بازسازی آماری,D
قزاقستان,1996,0,1,1,1,0,3,35,1.06,EM-DAT بازسازی آماری,D
قزاقستان,1997,3,0,1,1,0,5,41,0.03,EM-DAT بازسازی آماری,D
قزاقستان,1998,0,0,1,2,1,4,121,0.0,EM-DAT بازسازی آماری,D
قزاقستان,1999,3,0,1,2,1,7,89,0.05,EM-DAT بازسازی آماری,D
قزاقستان,2000,1,0,0,0,0,1,18,0.01,EM-DAT بازسازی آماری,D
قزاقستان,2001,0,1,1,3,0,5,128,1.03,EM-DAT بازسازی آماری,D
قزاقستان,2002,2,1,2,2,0,7,102,0.88,EM-DAT بازسازی آماری,D
قزاقستان,2003,0,1,0,1,0,2,3,2.3,EM-DAT بازسازی آماری,D
قزاقستان,2004,4,1,3,1,0,9,67,0.24,EM-DAT بازسازی آماری,D
قزاقستان,2005,2,0,1,0,1,4,229,0.03,EM-DAT بازسازی آماری,D
قزاقستان,2006,1,0,0,1,0,2,40,0.18,EM-DAT بازسازی آماری,D
قزاقستان,2007,1,0,0,0,0,1,2,0.0,EM-DAT بازسازی آماری,D
قزاقستان,2008,1,0,1,1,1,4,260,0.02,EM-DAT بازسازی آماری,D
قزاقستان,2009,2,0,1,1,0,4,45,0.13,EM-DAT بازسازی آماری,D
قزاقستان,2010,1,1,1,0,2,5,208,2.29,EM-DAT بازسازی آماری,D
قزاقستان,2011,3,0,0,1,1,5,92,0.01,EM-DAT بازسازی آماری,D
قزاقستان,2012,1,0,0,0,0,1,2,0.06,EM-DAT بازسازی آماری,D
قزاقستان,2013,2,1,1,3,0,7,35,1.65,EM-DAT بازسازی آماری,D
قزاقستان,2014,1,0,1,1,2,5,313,0.17,EM-DAT بازسازی آماری,D
قزاقستان,2015,3,0,0,1,0,4,18,0.17,EM-DAT بازسازی آماری,D
قزاقستان,2016,0,1,4,0,0,5,9,2.52,EM-DAT بازسازی آماری,D
قزاقستان,2017,0,1,1,1,0,3,16,5.26,EM-DAT بازسازی آماری,D
قزاقستان,2018,0,1,0,1,1,3,75,0.98,EM-DAT بازسازی آماری,D
قزاقستان,2019,3,1,2,0,0,6,30,6.43,EM-DAT بازسازی آماری,D
قزاقستان,2020,0,1,0,1,0,2,36,0.24,EM-DAT بازسازی آماری,D
قزاقستان,2021,1,1,0,2,0,4,36,0.24,EM-DAT بازسازی آماری,D
قزاقستان,2022,1,0,3,0,1,5,37,0.14,EM-DAT بازسازی آماری,D
قزاقستان,2023,3,1,2,0,0,6,46,0.67,EM-DAT بازسازی آماری,D
قزاقستان,2024,3,0,1,3,0,7,38,0.08,EM-DAT بازسازی آماری,D
ازبکستان,1991,1,0,2,1,0,4,24,0.25,EM-DAT بازسازی آماری,D
ازبکستان,1992,1,1,2,0,0,4,30,2.86,EM-DAT بازسازی آماری,D
ازبکستان,1993,2,1,0,0,1,4,155,3.38,EM-DAT بازسازی آماری,D
ازبکستان,1994,1,0,1,2,0,4,49,0.12,EM-DAT بازسازی آماری,D
ازبکستان,1995,0,0,1,0,0,1,1,0.03,EM-DAT بازسازی آماری,D
ازبکستان,1996,2,0,1,1,0,4,36,0.22,EM-DAT بازسازی آماری,D
ازبکستان,1997,2,1,0,0,1,4,238,2.14,EM-DAT بازسازی آماری,D
ازبکستان,1998,0,0,1,1,1,3,100,0.03,EM-DAT بازسازی آماری,D
ازبکستان,1999,1,0,0,0,0,1,2,0.02,EM-DAT بازسازی آماری,D
ازبکستان,2000,1,0,0,0,1,2,17,0.04,EM-DAT بازسازی آماری,D
ازبکستان,2001,0,0,0,1,1,2,231,0.0,EM-DAT بازسازی آماری,D
ازبکستان,2002,0,0,2,0,0,2,21,0.04,EM-DAT بازسازی آماری,D
ازبکستان,2003,1,1,0,1,0,3,17,1.9,EM-DAT بازسازی آماری,D
ازبکستان,2004,3,0,0,0,0,3,22,0.01,EM-DAT بازسازی آماری,D
ازبکستان,2005,2,0,0,0,0,2,15,0.12,EM-DAT بازسازی آماری,D
ازبکستان,2006,1,0,0,1,1,3,156,0.03,EM-DAT بازسازی آماری,D
ازبکستان,2007,6,1,2,2,1,12,206,0.67,EM-DAT بازسازی آماری,D
ازبکستان,2008,3,0,0,1,1,5,50,0.16,EM-DAT بازسازی آماری,D
ازبکستان,2009,0,1,0,1,2,4,25,2.69,EM-DAT بازسازی آماری,D
ازبکستان,2010,1,1,1,0,0,3,9,2.79,EM-DAT بازسازی آماری,D
ازبکستان,2011,0,1,1,0,0,2,4,0.88,EM-DAT بازسازی آماری,D
ازبکستان,2012,0,0,1,0,0,1,25,0.07,EM-DAT بازسازی آماری,D
ازبکستان,2013,2,0,3,0,1,6,117,0.22,EM-DAT بازسازی آماری,D
ازبکستان,2014,2,1,0,0,0,3,3,3.84,EM-DAT بازسازی آماری,D
ازبکستان,2015,0,1,1,0,2,4,248,2.07,EM-DAT بازسازی آماری,D
ازبکستان,2016,0,1,2,3,1,7,174,0.15,EM-DAT بازسازی آماری,D
ازبکستان,2017,3,0,0,1,1,5,75,0.22,EM-DAT بازسازی آماری,D
ازبکستان,2018,0,0,1,0,1,2,56,0.01,EM-DAT بازسازی آماری,D
ازبکستان,2019,1,1,0,0,2,4,87,0.92,EM-DAT بازسازی آماری,D
ازبکستان,2020,1,0,0,0,1,2,28,0.03,EM-DAT بازسازی آماری,D
ازبکستان,2021,3,0,0,1,0,4,26,0.16,EM-DAT بازسازی آماری,D
ازبکستان,2022,1,0,1,1,0,3,54,0.07,EM-DAT بازسازی آماری,D
ازبکستان,2023,1,0,1,1,2,5,189,0.17,EM-DAT بازسازی آماری,D
ازبکستان,2024,1,1,0,0,3,5,180,1.27,EM-DAT بازسازی آماری,D
ترکمنستان,1991,1,0,0,0,0,1,7,0.01,EM-DAT بازسازی آماری,D
ترکمنستان,1992,0,1,0,1,0,2,21,0.15,EM-DAT بازسازی آماری,D
ترکمنستان,1993,1,0,0,1,0,2,10,0.01,EM-DAT بازسازی آماری,D
ترکمنستان,1994,2,0,0,0,0,2,11,0.07,EM-DAT بازسازی آماری,D
ترکمنستان,1995,1,0,1,1,0,3,23,0.03,EM-DAT بازسازی آماری,D
ترکمنستان,1996,1,0,0,0,0,1,6,0.03,EM-DAT بازسازی آماری,D
ترکمنستان,1997,1,0,1,1,1,4,199,0.02,EM-DAT بازسازی آماری,D
ترکمنستان,1998,1,0,1,0,0,2,19,0.07,EM-DAT بازسازی آماری,D
ترکمنستان,1999,0,1,0,0,0,1,0,0.23,EM-DAT بازسازی آماری,D
ترکمنستان,2000,0,0,0,0,0,0,2,0.0,EM-DAT بازسازی آماری,D
ترکمنستان,2001,0,0,2,3,0,5,79,0.13,EM-DAT بازسازی آماری,D
ترکمنستان,2002,0,0,0,0,0,0,0,0.0,EM-DAT بازسازی آماری,D
ترکمنستان,2003,3,0,1,0,1,5,109,0.05,EM-DAT بازسازی آماری,D
ترکمنستان,2004,0,0,1,1,1,3,81,0.03,EM-DAT بازسازی آماری,D
ترکمنستان,2005,1,1,0,0,0,2,2,2.44,EM-DAT بازسازی آماری,D
ترکمنستان,2006,1,1,0,1,0,3,9,0.97,EM-DAT بازسازی آماری,D
ترکمنستان,2007,0,0,0,1,0,1,18,0.0,EM-DAT بازسازی آماری,D
ترکمنستان,2008,0,0,1,0,1,2,22,0.04,EM-DAT بازسازی آماری,D
ترکمنستان,2009,2,0,2,1,0,5,59,0.29,EM-DAT بازسازی آماری,D
ترکمنستان,2010,1,1,0,0,0,2,6,2.07,EM-DAT بازسازی آماری,D
ترکمنستان,2011,0,1,0,0,2,3,478,0.2,EM-DAT بازسازی آماری,D
ترکمنستان,2012,0,1,0,0,1,2,62,0.85,EM-DAT بازسازی آماری,D
ترکمنستان,2013,2,0,1,1,0,4,38,0.14,EM-DAT بازسازی آماری,D
ترکمنستان,2014,1,0,0,0,1,2,12,0.01,EM-DAT بازسازی آماری,D
ترکمنستان,2015,0,0,1,1,3,5,420,0.13,EM-DAT بازسازی آماری,D
ترکمنستان,2016,0,0,0,0,1,1,121,0.0,EM-DAT بازسازی آماری,D
ترکمنستان,2017,0,0,0,0,1,1,56,0.0,EM-DAT بازسازی آماری,D
ترکمنستان,2018,3,1,0,1,0,5,12,3.03,EM-DAT بازسازی آماری,D
ترکمنستان,2019,1,0,0,1,0,2,21,0.06,EM-DAT بازسازی آماری,D
ترکمنستان,2020,2,0,0,1,2,5,95,0.0,EM-DAT بازسازی آماری,D
ترکمنستان,2021,1,1,0,0,2,4,113,2.35,EM-DAT بازسازی آماری,D
ترکمنستان,2022,0,0,0,1,0,1,10,0.0,EM-DAT بازسازی آماری,D
ترکمنستان,2023,0,0,1,1,2,4,81,0.01,EM-DAT بازسازی آماری,D
ترکمنستان,2024,0,0,1,3,0,4,7,0.12,EM-DAT بازسازی آماری,D
افغانستان,1991,2,0,2,1,3,8,130,0.08,EM-DAT بازسازی آماری,D
افغانستان,1992,1,0,1,1,6,9,544,0.2,EM-DAT بازسازی آماری,D
افغانستان,1993,1,1,0,1,3,6,87,6.16,EM-DAT بازسازی آماری,D
افغانستان,1994,0,1,1,0,5,7,367,0.1,EM-DAT بازسازی آماری,D
افغانستان,1995,3,0,0,0,3,6,120,0.2,EM-DAT بازسازی آماری,D
افغانستان,1996,6,1,1,1,2,11,935,0.66,EM-DAT بازسازی آماری,D
افغانستان,1997,1,1,1,0,5,8,447,5.1,EM-DAT بازسازی آماری,D
افغانستان,1998,5,0,3,0,1,9,166,0.59,EM-DAT بازسازی آماری,D
افغانستان,1999,2,0,1,1,4,8,916,0.1,EM-DAT بازسازی آماری,D
افغانستان,2000,5,0,2,1,3,11,510,1.65,EM-DAT بازسازی آماری,D
افغانستان,2001,3,0,0,0,2,5,227,0.25,EM-DAT بازسازی آماری,D
افغانستان,2002,1,0,2,1,8,12,391,0.34,EM-DAT بازسازی آماری,D
افغانستان,2003,0,1,3,1,4,9,229,1.08,EM-DAT بازسازی آماری,D
افغانستان,2004,0,0,0,0,7,7,194,0.0,EM-DAT بازسازی آماری,D
افغانستان,2005,1,0,1,2,1,5,148,0.16,EM-DAT بازسازی آماری,D
افغانستان,2006,4,0,0,1,0,5,162,0.68,EM-DAT بازسازی آماری,D
افغانستان,2007,3,0,0,0,2,5,416,0.71,EM-DAT بازسازی آماری,D
افغانستان,2008,3,1,2,0,2,8,485,17.38,EM-DAT بازسازی آماری,D
افغانستان,2009,3,0,0,0,3,6,1156,0.2,EM-DAT بازسازی آماری,D
افغانستان,2010,1,0,0,3,2,6,249,0.09,EM-DAT بازسازی آماری,D
افغانستان,2011,1,0,0,0,5,6,457,0.05,EM-DAT بازسازی آماری,D
افغانستان,2012,3,1,0,1,5,10,295,1.88,EM-DAT بازسازی آماری,D
افغانستان,2013,4,1,0,1,5,11,380,8.64,EM-DAT بازسازی آماری,D
افغانستان,2014,2,1,0,0,4,7,39,3.37,EM-DAT بازسازی آماری,D
افغانستان,2015,4,1,1,1,3,10,482,2.66,EM-DAT بازسازی آماری,D
افغانستان,2016,2,0,0,0,2,4,365,0.29,EM-DAT بازسازی آماری,D
افغانستان,2017,7,0,0,0,2,9,215,0.09,EM-DAT بازسازی آماری,D
افغانستان,2018,2,1,0,0,5,8,150,3.59,EM-DAT بازسازی آماری,D
افغانستان,2019,2,0,1,0,3,6,527,0.04,EM-DAT بازسازی آماری,D
افغانستان,2020,3,1,0,0,4,8,277,7.58,EM-DAT بازسازی آماری,D
افغانستان,2021,4,1,1,2,2,10,139,1.97,EM-DAT بازسازی آماری,D
افغانستان,2022,1,0,1,0,4,6,192,0.17,EM-DAT بازسازی آماری,D
افغانستان,2023,4,0,2,1,0,7,130,0.05,EM-DAT بازسازی آماری,D
افغانستان,2024,2,0,0,0,2,4,194,0.35,EM-DAT بازسازی آماری,D
روسیه,1991,2,0,6,1,0,9,31,0.01,EM-DAT بازسازی آماری,D
روسیه,1992,4,0,0,0,0,4,38,1.1,EM-DAT بازسازی آماری,D
روسیه,1993,4,1,4,0,1,10,170,1.03,EM-DAT بازسازی آماری,D
روسیه,1994,8,0,2,0,1,11,200,0.96,EM-DAT بازسازی آماری,D
روسیه,1995,3,1,2,1,2,9,151,0.6,EM-DAT بازسازی آماری,D
روسیه,1996,7,1,4,1,1,14,165,1.83,EM-DAT بازسازی آماری,D
روسیه,1997,4,0,2,1,1,8,47,0.22,EM-DAT بازسازی آماری,D
روسیه,1998,3,1,4,2,0,10,113,1.28,EM-DAT بازسازی آماری,D
روسیه,1999,4,0,1,1,1,7,125,2.27,EM-DAT بازسازی آماری,D
روسیه,2000,3,0,3,0,1,7,78,0.71,EM-DAT بازسازی آماری,D
روسیه,2001,5,0,1,0,0,6,110,1.41,EM-DAT بازسازی آماری,D
روسیه,2002,5,0,3,1,2,11,428,0.86,EM-DAT بازسازی آماری,D
روسیه,2003,4,0,3,3,1,11,126,0.11,EM-DAT بازسازی آماری,D
روسیه,2004,6,0,4,0,0,10,265,0.93,EM-DAT بازسازی آماری,D
روسیه,2005,3,0,2,0,0,5,10,0.14,EM-DAT بازسازی آماری,D
روسیه,2006,4,0,6,1,0,11,70,0.98,EM-DAT بازسازی آماری,D
روسیه,2007,3,0,5,0,0,8,54,0.02,EM-DAT بازسازی آماری,D
روسیه,2008,3,0,2,2,1,8,106,0.2,EM-DAT بازسازی آماری,D
روسیه,2009,8,0,3,0,1,12,51,1.16,EM-DAT بازسازی آماری,D
روسیه,2010,2,0,4,1,0,7,45,0.3,EM-DAT بازسازی آماری,D
روسیه,2011,2,1,3,1,0,7,99,10.67,EM-DAT بازسازی آماری,D
روسیه,2012,2,1,0,1,2,6,59,0.37,EM-DAT بازسازی آماری,D
روسیه,2013,5,0,3,1,1,10,94,0.51,EM-DAT بازسازی آماری,D
روسیه,2014,7,0,2,1,2,12,256,0.84,EM-DAT بازسازی آماری,D
روسیه,2015,2,0,2,2,0,6,112,0.18,EM-DAT بازسازی آماری,D
روسیه,2016,7,0,3,0,2,12,205,1.17,EM-DAT بازسازی آماری,D
روسیه,2017,4,0,2,2,0,8,122,0.14,EM-DAT بازسازی آماری,D
روسیه,2018,2,1,2,1,1,7,43,0.4,EM-DAT بازسازی آماری,D
روسیه,2019,2,0,6,3,0,11,44,0.11,EM-DAT بازسازی آماری,D
روسیه,2020,3,0,5,0,0,8,56,0.22,EM-DAT بازسازی آماری,D
روسیه,2021,5,1,4,0,0,10,109,7.14,EM-DAT بازسازی آماری,D
روسیه,2022,3,0,0,0,0,3,43,0.15,EM-DAT بازسازی آماری,D
روسیه,2023,3,0,3,2,1,9,130,1.23,EM-DAT بازسازی آماری,D
روسیه,2024,2,0,2,0,1,5,159,0.4,EM-DAT بازسازی آماری,D
اوکراین,1991,1,0,2,0,2,5,227,0.16,EM-DAT بازسازی آماری,D
اوکراین,1992,4,0,0,0,1,5,48,0.12,EM-DAT بازسازی آماری,D
اوکراین,1993,1,0,0,1,1,3,20,0.02,EM-DAT بازسازی آماری,D
اوکراین,1994,1,1,1,0,0,3,2,2.59,EM-DAT بازسازی آماری,D
اوکراین,1995,5,0,1,1,0,7,55,0.06,EM-DAT بازسازی آماری,D
اوکراین,1996,8,1,1,0,0,10,45,3.24,EM-DAT بازسازی آماری,D
اوکراین,1997,0,0,1,1,1,3,157,0.1,EM-DAT بازسازی آماری,D
اوکراین,1998,3,0,0,0,0,3,31,0.04,EM-DAT بازسازی آماری,D
اوکراین,1999,5,0,4,0,1,10,159,0.19,EM-DAT بازسازی آماری,D
اوکراین,2000,1,0,0,0,1,2,64,0.03,EM-DAT بازسازی آماری,D
اوکراین,2001,2,0,0,3,0,5,37,0.01,EM-DAT بازسازی آماری,D
اوکراین,2002,3,1,2,0,0,6,55,0.89,EM-DAT بازسازی آماری,D
اوکراین,2003,0,0,1,0,1,2,34,0.06,EM-DAT بازسازی آماری,D
اوکراین,2004,2,1,1,1,0,5,29,0.54,EM-DAT بازسازی آماری,D
اوکراین,2005,4,0,0,0,1,5,31,0.14,EM-DAT بازسازی آماری,D
اوکراین,2006,3,1,1,0,1,6,56,1.47,EM-DAT بازسازی آماری,D
اوکراین,2007,5,0,0,1,1,7,140,0.28,EM-DAT بازسازی آماری,D
اوکراین,2008,2,0,1,0,1,4,76,0.03,EM-DAT بازسازی آماری,D
اوکراین,2009,2,1,4,1,0,8,17,0.5,EM-DAT بازسازی آماری,D
اوکراین,2010,3,0,0,1,0,4,108,0.04,EM-DAT بازسازی آماری,D
اوکراین,2011,1,0,0,1,0,2,39,0.01,EM-DAT بازسازی آماری,D
اوکراین,2012,1,0,0,0,0,1,49,0.04,EM-DAT بازسازی آماری,D
اوکراین,2013,3,0,2,1,1,7,133,0.09,EM-DAT بازسازی آماری,D
اوکراین,2014,3,0,1,1,2,7,222,0.33,EM-DAT بازسازی آماری,D
اوکراین,2015,1,0,0,0,1,2,93,0.02,EM-DAT بازسازی آماری,D
اوکراین,2016,2,0,0,1,1,4,94,0.21,EM-DAT بازسازی آماری,D
اوکراین,2017,1,0,0,0,2,3,56,0.02,EM-DAT بازسازی آماری,D
اوکراین,2018,1,0,1,0,0,2,13,0.0,EM-DAT بازسازی آماری,D
اوکراین,2019,0,1,0,1,1,3,53,0.39,EM-DAT بازسازی آماری,D
اوکراین,2020,2,0,1,2,0,5,41,0.07,EM-DAT بازسازی آماری,D
اوکراین,2021,0,0,2,0,1,3,148,0.03,EM-DAT بازسازی آماری,D
اوکراین,2022,0,0,1,0,1,2,50,0.0,EM-DAT بازسازی آماری,D
اوکراین,2023,3,1,2,1,0,7,75,1.0,EM-DAT بازسازی آماری,D
اوکراین,2024,3,0,2,0,0,5,21,0.47,EM-DAT بازسازی آماری,D
آمریکا,1991,2,0,7,1,0,10,99,0.46,EM-DAT بازسازی آماری,D
آمریکا,1992,6,0,8,0,0,14,117,4.35,EM-DAT بازسازی آماری,D
آمریکا,1993,8,0,5,8,0,21,437,6.55,EM-DAT بازسازی آماری,D
آمریکا,1994,6,0,10,1,0,17,424,2.02,EM-DAT بازسازی آماری,D
آمریکا,1995,6,0,5,0,1,12,335,1.85,EM-DAT بازسازی آماری,D
آمریکا,1996,5,0,12,4,1,22,717,0.75,EM-DAT بازسازی آماری,D
آمریکا,1997,5,1,8,3,1,18,325,0.45,EM-DAT بازسازی آماری,D
آمریکا,1998,6,1,11,1,1,20,98,4.38,EM-DAT بازسازی آماری,D
آمریکا,1999,5,0,6,1,2,14,144,1.72,EM-DAT بازسازی آماری,D
آمریکا,2000,4,1,14,1,2,22,226,4.39,EM-DAT بازسازی آماری,D
آمریکا,2001,5,1,7,1,0,14,419,4.2,EM-DAT بازسازی آماری,D
آمریکا,2002,4,0,5,1,0,10,352,3.39,EM-DAT بازسازی آماری,D
آمریکا,2003,6,0,8,0,0,14,197,0.81,EM-DAT بازسازی آماری,D
آمریکا,2004,5,1,10,2,0,18,147,10.32,EM-DAT بازسازی آماری,D
آمریکا,2005,7,0,9,0,2,18,899,12.13,EM-DAT بازسازی آماری,D
آمریکا,2006,9,0,9,0,0,18,59,0.69,EM-DAT بازسازی آماری,D
آمریکا,2007,7,0,10,0,0,17,237,0.96,EM-DAT بازسازی آماری,D
آمریکا,2008,3,0,8,1,1,13,177,5.94,EM-DAT بازسازی آماری,D
آمریکا,2009,5,0,11,5,0,21,255,1.96,EM-DAT بازسازی آماری,D
آمریکا,2010,6,0,8,2,1,17,183,2.05,EM-DAT بازسازی آماری,D
آمریکا,2011,5,0,10,0,0,15,114,1.65,EM-DAT بازسازی آماری,D
آمریکا,2012,6,0,10,3,1,20,238,4.35,EM-DAT بازسازی آماری,D
آمریکا,2013,8,0,8,1,1,18,298,2.14,EM-DAT بازسازی آماری,D
آمریکا,2014,6,0,7,0,0,13,681,0.78,EM-DAT بازسازی آماری,D
آمریکا,2015,2,1,4,1,1,9,150,1.3,EM-DAT بازسازی آماری,D
آمریکا,2016,6,1,10,0,0,17,191,10.13,EM-DAT بازسازی آماری,D
آمریکا,2017,8,0,11,0,0,19,318,2.34,EM-DAT بازسازی آماری,D
آمریکا,2018,4,0,14,3,0,21,409,0.28,EM-DAT بازسازی آماری,D
آمریکا,2019,8,1,6,1,1,17,192,11.71,EM-DAT بازسازی آماری,D
آمریکا,2020,7,1,11,1,1,21,313,6.24,EM-DAT بازسازی آماری,D
آمریکا,2021,3,1,16,1,0,21,261,3.98,EM-DAT بازسازی آماری,D
آمریکا,2022,5,1,14,0,0,20,351,5.7,EM-DAT بازسازی آماری,D
آمریکا,2023,7,1,10,1,1,20,221,13.1,EM-DAT بازسازی آماری,D
آمریکا,2024,6,0,4,2,1,13,248,1.42,EM-DAT بازسازی آماری,D
کانادا,1991,1,0,1,2,0,4,107,0.05,EM-DAT بازسازی آماری,D
کانادا,1992,3,0,3,1,0,7,49,0.57,EM-DAT بازسازی آماری,D
کانادا,1993,1,0,3,0,0,4,8,0.46,EM-DAT بازسازی آماری,D
کانادا,1994,1,0,2,1,0,4,118,0.14,EM-DAT بازسازی آماری,D
کانادا,1995,0,1,3,0,1,5,234,0.45,EM-DAT بازسازی آماری,D
کانادا,1996,3,0,6,0,0,9,35,0.38,EM-DAT بازسازی آماری,D
کانادا,1997,1,0,0,2,0,3,9,0.01,EM-DAT بازسازی آماری,D
کانادا,1998,3,0,2,0,0,5,17,0.07,EM-DAT بازسازی آماری,D
کانادا,1999,3,0,1,3,0,7,130,0.04,EM-DAT بازسازی آماری,D
کانادا,2000,4,1,2,0,1,8,155,0.25,EM-DAT بازسازی آماری,D
کانادا,2001,3,0,2,1,0,6,71,0.1,EM-DAT بازسازی آماری,D
کانادا,2002,3,1,2,2,0,8,59,1.23,EM-DAT بازسازی آماری,D
کانادا,2003,4,0,2,2,3,11,213,0.3,EM-DAT بازسازی آماری,D
کانادا,2004,1,0,1,0,1,3,14,0.02,EM-DAT بازسازی آماری,D
کانادا,2005,4,0,4,1,0,9,47,0.85,EM-DAT بازسازی آماری,D
کانادا,2006,2,0,3,0,1,6,77,0.24,EM-DAT بازسازی آماری,D
کانادا,2007,3,0,0,1,0,4,16,0.29,EM-DAT بازسازی آماری,D
کانادا,2008,1,0,3,0,0,4,17,0.58,EM-DAT بازسازی آماری,D
کانادا,2009,3,1,2,0,0,6,106,0.22,EM-DAT بازسازی آماری,D
کانادا,2010,2,0,5,0,1,8,156,0.12,EM-DAT بازسازی آماری,D
کانادا,2011,7,1,3,2,2,15,93,0.91,EM-DAT بازسازی آماری,D
کانادا,2012,3,0,7,0,0,10,173,0.31,EM-DAT بازسازی آماری,D
کانادا,2013,3,1,3,1,1,9,86,2.68,EM-DAT بازسازی آماری,D
کانادا,2014,5,0,3,0,0,8,38,0.31,EM-DAT بازسازی آماری,D
کانادا,2015,4,0,2,2,0,8,44,0.16,EM-DAT بازسازی آماری,D
کانادا,2016,3,0,4,2,1,10,203,0.08,EM-DAT بازسازی آماری,D
کانادا,2017,2,1,2,1,0,6,35,0.82,EM-DAT بازسازی آماری,D
کانادا,2018,5,0,1,0,1,7,192,0.17,EM-DAT بازسازی آماری,D
کانادا,2019,5,0,3,1,0,9,34,0.18,EM-DAT بازسازی آماری,D
کانادا,2020,4,1,1,0,0,6,13,0.58,EM-DAT بازسازی آماری,D
کانادا,2021,4,0,2,0,0,6,26,0.03,EM-DAT بازسازی آماری,D
کانادا,2022,3,0,3,0,0,6,37,0.32,EM-DAT بازسازی آماری,D
کانادا,2023,3,0,2,1,1,7,59,0.03,EM-DAT بازسازی آماری,D
کانادا,2024,4,0,3,0,0,7,59,0.17,EM-DAT بازسازی آماری,D
برزیل,1991,6,0,3,1,1,11,273,0.49,EM-DAT بازسازی آماری,D
برزیل,1992,3,0,5,1,0,9,161,0.33,EM-DAT بازسازی آماری,D
برزیل,1993,7,0,2,1,1,11,135,3.04,EM-DAT بازسازی آماری,D
برزیل,1994,5,0,2,1,1,9,634,0.24,EM-DAT بازسازی آماری,D
برزیل,1995,4,1,0,1,0,6,96,4.43,EM-DAT بازسازی آماری,D
برزیل,1996,8,0,3,0,1,12,60,1.26,EM-DAT بازسازی آماری,D
برزیل,1997,2,0,1,1,1,5,183,0.16,EM-DAT بازسازی آماری,D
برزیل,1998,6,1,4,0,0,11,525,0.78,EM-DAT بازسازی آماری,D
برزیل,1999,7,0,3,1,1,12,188,2.93,EM-DAT بازسازی آماری,D
برزیل,2000,6,1,7,0,0,14,290,5.09,EM-DAT بازسازی آماری,D
برزیل,2001,9,0,3,0,0,12,452,4.7,EM-DAT بازسازی آماری,D
برزیل,2002,8,1,1,2,0,12,356,1.14,EM-DAT بازسازی آماری,D
برزیل,2003,8,0,4,1,0,13,85,3.78,EM-DAT بازسازی آماری,D
برزیل,2004,7,0,1,1,0,9,502,0.99,EM-DAT بازسازی آماری,D
برزیل,2005,7,1,4,0,1,13,584,10.99,EM-DAT بازسازی آماری,D
برزیل,2006,7,0,2,0,1,10,55,1.9,EM-DAT بازسازی آماری,D
برزیل,2007,7,0,4,1,0,12,525,2.29,EM-DAT بازسازی آماری,D
برزیل,2008,11,0,1,1,1,14,135,0.11,EM-DAT بازسازی آماری,D
برزیل,2009,6,0,7,0,1,14,199,0.17,EM-DAT بازسازی آماری,D
برزیل,2010,6,0,4,0,0,10,1102,0.48,EM-DAT بازسازی آماری,D
برزیل,2011,5,0,4,0,2,11,574,1.63,EM-DAT بازسازی آماری,D
برزیل,2012,7,0,3,2,1,13,136,0.5,EM-DAT بازسازی آماری,D
برزیل,2013,5,0,2,2,0,9,290,2.79,EM-DAT بازسازی آماری,D
برزیل,2014,6,0,3,0,1,10,280,0.86,EM-DAT بازسازی آماری,D
برزیل,2015,6,0,2,3,1,12,590,3.42,EM-DAT بازسازی آماری,D
برزیل,2016,5,0,2,0,0,7,225,0.59,EM-DAT بازسازی آماری,D
برزیل,2017,7,0,1,2,2,12,107,0.77,EM-DAT بازسازی آماری,D
برزیل,2018,8,0,2,1,0,11,681,0.33,EM-DAT بازسازی آماری,D
برزیل,2019,8,0,2,1,0,11,104,4.6,EM-DAT بازسازی آماری,D
برزیل,2020,8,0,1,1,0,10,122,0.89,EM-DAT بازسازی آماری,D
برزیل,2021,6,0,4,0,2,12,445,4.7,EM-DAT بازسازی آماری,D
برزیل,2022,3,1,1,1,0,6,27,10.13,EM-DAT بازسازی آماری,D
برزیل,2023,5,0,0,1,0,6,905,1.25,EM-DAT بازسازی آماری,D
برزیل,2024,3,0,1,1,0,5,187,1.46,EM-DAT بازسازی آماری,D
آرژانتین,1991,7,0,2,0,0,9,2,1.46,EM-DAT بازسازی آماری,D
آرژانتین,1992,3,1,1,0,0,5,55,0.34,EM-DAT بازسازی آماری,D
آرژانتین,1993,3,0,5,0,1,9,142,1.49,EM-DAT بازسازی آماری,D
آرژانتین,1994,2,0,1,0,1,4,88,0.34,EM-DAT بازسازی آماری,D
آرژانتین,1995,3,0,1,1,1,6,63,0.04,EM-DAT بازسازی آماری,D
آرژانتین,1996,3,0,0,1,0,4,212,0.21,EM-DAT بازسازی آماری,D
آرژانتین,1997,4,0,2,0,0,6,147,2.64,EM-DAT بازسازی آماری,D
آرژانتین,1998,5,0,1,1,1,8,271,0.42,EM-DAT بازسازی آماری,D
آرژانتین,1999,2,1,2,0,0,5,173,1.4,EM-DAT بازسازی آماری,D
آرژانتین,2000,1,0,3,1,0,5,13,0.41,EM-DAT بازسازی آماری,D
آرژانتین,2001,2,1,2,1,0,6,26,3.03,EM-DAT بازسازی آماری,D
آرژانتین,2002,2,0,3,0,0,5,50,0.39,EM-DAT بازسازی آماری,D
آرژانتین,2003,6,1,4,2,1,14,56,1.83,EM-DAT بازسازی آماری,D
آرژانتین,2004,2,0,1,0,0,3,7,0.91,EM-DAT بازسازی آماری,D
آرژانتین,2005,3,0,2,0,0,5,39,0.22,EM-DAT بازسازی آماری,D
آرژانتین,2006,3,1,0,1,1,6,103,5.37,EM-DAT بازسازی آماری,D
آرژانتین,2007,1,0,0,0,0,1,8,0.09,EM-DAT بازسازی آماری,D
آرژانتین,2008,3,0,2,0,1,6,184,0.51,EM-DAT بازسازی آماری,D
آرژانتین,2009,3,0,5,0,0,8,332,1.45,EM-DAT بازسازی آماری,D
آرژانتین,2010,2,1,4,2,1,10,57,1.81,EM-DAT بازسازی آماری,D
آرژانتین,2011,2,0,2,1,0,5,126,0.53,EM-DAT بازسازی آماری,D
آرژانتین,2012,2,1,0,0,0,3,11,1.96,EM-DAT بازسازی آماری,D
آرژانتین,2013,2,1,1,1,1,6,111,1.82,EM-DAT بازسازی آماری,D
آرژانتین,2014,6,0,0,0,0,6,36,0.86,EM-DAT بازسازی آماری,D
آرژانتین,2015,7,0,1,2,0,10,71,1.3,EM-DAT بازسازی آماری,D
آرژانتین,2016,2,0,0,1,1,4,63,0.57,EM-DAT بازسازی آماری,D
آرژانتین,2017,3,0,1,0,1,5,195,0.39,EM-DAT بازسازی آماری,D
آرژانتین,2018,2,0,1,1,1,5,122,0.34,EM-DAT بازسازی آماری,D
آرژانتین,2019,7,1,5,0,0,13,414,0.84,EM-DAT بازسازی آماری,D
آرژانتین,2020,1,0,2,1,0,4,45,0.3,EM-DAT بازسازی آماری,D
آرژانتین,2021,5,0,0,0,1,6,137,1.07,EM-DAT بازسازی آماری,D
آرژانتین,2022,5,1,2,0,1,9,191,1.59,EM-DAT بازسازی آماری,D
آرژانتین,2023,3,1,2,0,0,6,20,3.82,EM-DAT بازسازی آماری,D
آرژانتین,2024,5,0,1,1,0,7,114,0.24,EM-DAT بازسازی آماری,D
مکزیک,1991,6,0,1,0,1,8,208,1.33,EM-DAT بازسازی آماری,D
مکزیک,1992,2,0,6,1,1,10,34,1.45,EM-DAT بازسازی آماری,D
مکزیک,1993,4,1,4,3,1,13,596,1.13,EM-DAT بازسازی آماری,D
مکزیک,1994,4,1,2,2,1,10,137,2.55,EM-DAT بازسازی آماری,D
مکزیک,1995,7,0,4,0,1,12,198,0.21,EM-DAT بازسازی آماری,D
مکزیک,1996,3,0,5,0,3,11,353,1.28,EM-DAT بازسازی آماری,D
مکزیک,1997,3,1,4,1,1,10,400,2.39,EM-DAT بازسازی آماری,D
مکزیک,1998,2,0,3,1,0,6,66,1.21,EM-DAT بازسازی آماری,D
مکزیک,1999,4,0,7,0,5,16,599,1.68,EM-DAT بازسازی آماری,D
مکزیک,2000,4,1,6,1,4,16,293,1.29,EM-DAT بازسازی آماری,D
مکزیک,2001,5,0,4,1,1,11,241,0.66,EM-DAT بازسازی آماری,D
مکزیک,2002,6,0,3,1,2,12,150,1.73,EM-DAT بازسازی آماری,D
مکزیک,2003,4,0,4,1,2,11,307,1.07,EM-DAT بازسازی آماری,D
مکزیک,2004,4,1,7,0,3,15,155,2.98,EM-DAT بازسازی آماری,D
مکزیک,2005,4,0,4,1,4,13,399,0.59,EM-DAT بازسازی آماری,D
مکزیک,2006,5,1,9,0,2,17,265,6.61,EM-DAT بازسازی آماری,D
مکزیک,2007,5,0,3,1,2,11,73,1.97,EM-DAT بازسازی آماری,D
مکزیک,2008,5,0,2,2,1,10,290,1.63,EM-DAT بازسازی آماری,D
مکزیک,2009,3,0,2,0,1,6,92,0.58,EM-DAT بازسازی آماری,D
مکزیک,2010,4,0,5,1,2,12,334,5.79,EM-DAT بازسازی آماری,D
مکزیک,2011,3,0,7,0,2,12,157,0.34,EM-DAT بازسازی آماری,D
مکزیک,2012,4,0,2,0,1,7,254,3.87,EM-DAT بازسازی آماری,D
مکزیک,2013,6,1,8,0,2,17,412,2.41,EM-DAT بازسازی آماری,D
مکزیک,2014,2,0,4,0,3,9,197,0.26,EM-DAT بازسازی آماری,D
مکزیک,2015,3,0,7,1,4,15,188,0.23,EM-DAT بازسازی آماری,D
مکزیک,2016,7,0,5,2,0,14,114,0.53,EM-DAT بازسازی آماری,D
مکزیک,2017,5,0,1,1,2,9,398,3.86,EM-DAT بازسازی آماری,D
مکزیک,2018,5,0,3,1,3,12,202,0.01,EM-DAT بازسازی آماری,D
مکزیک,2019,5,0,5,1,2,13,222,0.79,EM-DAT بازسازی آماری,D
مکزیک,2020,12,0,4,1,6,23,968,0.14,EM-DAT بازسازی آماری,D
مکزیک,2021,2,0,6,0,4,12,462,0.68,EM-DAT بازسازی آماری,D
مکزیک,2022,4,0,3,2,1,10,203,0.99,EM-DAT بازسازی آماری,D
مکزیک,2023,5,0,6,0,1,12,386,2.7,EM-DAT بازسازی آماری,D
مکزیک,2024,5,1,6,0,4,16,644,2.08,EM-DAT بازسازی آماری,D
نیجریه,1991,1,0,4,0,0,5,105,0.55,EM-DAT بازسازی آماری,D
نیجریه,1992,10,0,2,0,0,12,314,1.82,EM-DAT بازسازی آماری,D
نیجریه,1993,10,0,0,1,0,11,1027,1.48,EM-DAT بازسازی آماری,D
نیجریه,1994,1,0,3,1,0,5,356,1.4,EM-DAT بازسازی آماری,D
نیجریه,1995,4,0,1,1,0,6,126,4.41,EM-DAT بازسازی آماری,D
نیجریه,1996,8,0,1,1,0,10,168,1.16,EM-DAT بازسازی آماری,D
نیجریه,1997,5,0,1,1,0,7,98,5.82,EM-DAT بازسازی آماری,D
نیجریه,1998,8,0,2,3,0,13,174,8.59,EM-DAT بازسازی آماری,D
نیجریه,1999,7,0,2,1,0,10,386,2.57,EM-DAT بازسازی آماری,D
نیجریه,2000,5,0,2,1,0,8,42,7.21,EM-DAT بازسازی آماری,D
نیجریه,2001,4,0,1,1,1,7,111,0.94,EM-DAT بازسازی آماری,D
نیجریه,2002,8,1,3,0,0,12,815,7.09,EM-DAT بازسازی آماری,D
نیجریه,2003,6,0,3,0,1,10,852,1.66,EM-DAT بازسازی آماری,D
نیجریه,2004,0,0,1,0,0,1,6,0.07,EM-DAT بازسازی آماری,D
نیجریه,2005,4,0,4,0,0,8,192,1.32,EM-DAT بازسازی آماری,D
نیجریه,2006,7,1,3,0,2,13,265,23.55,EM-DAT بازسازی آماری,D
نیجریه,2007,5,0,2,2,0,9,452,0.88,EM-DAT بازسازی آماری,D
نیجریه,2008,8,1,1,0,0,10,5,6.76,EM-DAT بازسازی آماری,D
نیجریه,2009,5,0,7,3,0,15,106,1.11,EM-DAT بازسازی آماری,D
نیجریه,2010,10,0,1,2,0,13,275,0.18,EM-DAT بازسازی آماری,D
نیجریه,2011,1,0,1,0,1,3,33,0.61,EM-DAT بازسازی آماری,D
نیجریه,2012,4,1,3,1,1,10,111,6.16,EM-DAT بازسازی آماری,D
نیجریه,2013,10,0,4,0,0,14,679,22.65,EM-DAT بازسازی آماری,D
نیجریه,2014,3,1,1,3,0,8,526,8.13,EM-DAT بازسازی آماری,D
نیجریه,2015,4,0,2,0,2,8,470,0.81,EM-DAT بازسازی آماری,D
نیجریه,2016,6,1,2,1,0,10,154,6.06,EM-DAT بازسازی آماری,D
نیجریه,2017,10,0,1,0,0,11,102,13.66,EM-DAT بازسازی آماری,D
نیجریه,2018,3,1,1,1,0,6,263,3.28,EM-DAT بازسازی آماری,D
نیجریه,2019,2,0,4,0,0,6,280,0.64,EM-DAT بازسازی آماری,D
نیجریه,2020,5,1,3,1,0,10,391,1.51,EM-DAT بازسازی آماری,D
نیجریه,2021,5,0,1,1,0,7,81,2.37,EM-DAT بازسازی آماری,D
نیجریه,2022,4,0,2,1,0,7,158,0.95,EM-DAT بازسازی آماری,D
نیجریه,2023,5,0,1,1,0,7,92,1.03,EM-DAT بازسازی آماری,D
نیجریه,2024,2,0,2,0,0,4,83,1.57,EM-DAT بازسازی آماری,D
اتیوپی,1991,3,1,1,1,0,6,60,4.26,EM-DAT بازسازی آماری,D
اتیوپی,1992,2,0,1,2,0,5,125,0.19,EM-DAT بازسازی آماری,D
اتیوپی,1993,3,1,0,0,0,4,6,5.87,EM-DAT بازسازی آماری,D
اتیوپی,1994,3,1,1,1,0,6,176,6.89,EM-DAT بازسازی آماری,D
اتیوپی,1995,0,1,1,1,0,3,22,2.55,EM-DAT بازسازی آماری,D
اتیوپی,1996,2,1,0,1,0,4,58,3.66,EM-DAT بازسازی آماری,D
اتیوپی,1997,5,0,0,0,0,5,137,1.57,EM-DAT بازسازی آماری,D
اتیوپی,1998,8,1,0,2,0,11,569,11.81,EM-DAT بازسازی آماری,D
اتیوپی,1999,1,1,0,0,0,2,24,22.51,EM-DAT بازسازی آماری,D
اتیوپی,2000,3,1,1,0,0,5,34,14.66,EM-DAT بازسازی آماری,D
اتیوپی,2001,5,1,0,0,1,7,558,38.32,EM-DAT بازسازی آماری,D
اتیوپی,2002,0,0,2,1,0,3,64,0.05,EM-DAT بازسازی آماری,D
اتیوپی,2003,2,0,1,0,0,3,46,0.26,EM-DAT بازسازی آماری,D
اتیوپی,2004,0,0,0,0,0,0,0,0.0,EM-DAT بازسازی آماری,D
اتیوپی,2005,1,0,0,2,0,3,58,0.19,EM-DAT بازسازی آماری,D
اتیوپی,2006,3,0,0,0,0,3,15,1.07,EM-DAT بازسازی آماری,D
اتیوپی,2007,4,1,0,1,0,6,108,1.01,EM-DAT بازسازی آماری,D
اتیوپی,2008,2,1,0,0,0,3,190,6.25,EM-DAT بازسازی آماری,D
اتیوپی,2009,1,0,0,1,0,2,25,0.14,EM-DAT بازسازی آماری,D
اتیوپی,2010,4,1,0,2,0,7,76,6.77,EM-DAT بازسازی آماری,D
اتیوپی,2011,1,0,0,0,0,1,1,0.03,EM-DAT بازسازی آماری,D
اتیوپی,2012,2,1,2,0,0,5,278,12.59,EM-DAT بازسازی آماری,D
اتیوپی,2013,1,1,0,1,0,3,42,4.68,EM-DAT بازسازی آماری,D
اتیوپی,2014,5,1,0,2,2,10,423,17.18,EM-DAT بازسازی آماری,D
اتیوپی,2015,3,1,2,2,1,9,121,3.69,EM-DAT بازسازی آماری,D
اتیوپی,2016,2,1,2,1,0,6,366,5.15,EM-DAT بازسازی آماری,D
اتیوپی,2017,5,1,0,0,0,6,185,6.89,EM-DAT بازسازی آماری,D
اتیوپی,2018,2,1,1,0,0,4,20,14.82,EM-DAT بازسازی آماری,D
اتیوپی,2019,2,0,0,0,1,3,205,0.01,EM-DAT بازسازی آماری,D
اتیوپی,2020,0,0,2,1,1,4,86,0.41,EM-DAT بازسازی آماری,D
اتیوپی,2021,2,0,0,2,1,5,179,0.26,EM-DAT بازسازی آماری,D
اتیوپی,2022,4,0,0,1,1,6,229,0.66,EM-DAT بازسازی آماری,D
اتیوپی,2023,3,0,1,0,2,6,311,1.3,EM-DAT بازسازی آماری,D
اتیوپی,2024,5,0,0,1,2,8,219,5.61,EM-DAT بازسازی آماری,D
اندونزی,1991,8,1,4,1,2,16,437,2.07,EM-DAT بازسازی آماری,D
اندونزی,1992,7,0,4,0,7,18,454,0.13,EM-DAT بازسازی آماری,D
اندونزی,1993,4,1,8,1,3,17,352,3.79,EM-DAT بازسازی آماری,D
اندونزی,1994,10,0,5,1,4,20,325,1.4,EM-DAT بازسازی آماری,D
اندونزی,1995,6,0,2,2,3,13,904,0.15,EM-DAT بازسازی آماری,D
اندونزی,1996,10,0,6,1,3,20,1063,7.54,EM-DAT بازسازی آماری,D
اندونزی,1997,12,1,5,0,1,19,823,6.77,EM-DAT بازسازی آماری,D
اندونزی,1998,2,0,5,1,1,9,28,0.76,EM-DAT بازسازی آماری,D
اندونزی,1999,6,0,7,1,7,21,1075,1.16,EM-DAT بازسازی آماری,D
اندونزی,2000,3,0,6,1,2,12,213,0.73,EM-DAT بازسازی آماری,D
اندونزی,2001,11,0,8,0,5,24,3115,10.83,EM-DAT بازسازی آماری,D
اندونزی,2002,5,0,3,0,3,11,276,1.07,EM-DAT بازسازی آماری,D
اندونزی,2003,9,0,1,0,4,14,228,7.21,EM-DAT بازسازی آماری,D
اندونزی,2004,7,0,6,0,3,16,813,3.28,EM-DAT بازسازی آماری,D
اندونزی,2005,10,0,4,1,0,15,1268,1.91,EM-DAT بازسازی آماری,D
اندونزی,2006,13,1,4,0,4,22,522,8.42,EM-DAT بازسازی آماری,D
اندونزی,2007,7,0,2,0,4,13,745,0.39,EM-DAT بازسازی آماری,D
اندونزی,2008,2,0,4,0,5,11,213,1.14,EM-DAT بازسازی آماری,D
اندونزی,2009,11,0,8,0,3,22,1172,1.01,EM-DAT بازسازی آماری,D
اندونزی,2010,5,0,5,0,2,12,254,0.64,EM-DAT بازسازی آماری,D
اندونزی,2011,7,0,2,0,2,11,713,1.18,EM-DAT بازسازی آماری,D
اندونزی,2012,4,0,10,0,1,15,117,1.08,EM-DAT بازسازی آماری,D
اندونزی,2013,7,1,7,0,3,18,1284,4.17,EM-DAT بازسازی آماری,D
اندونزی,2014,4,0,5,0,6,15,1607,1.72,EM-DAT بازسازی آماری,D
اندونزی,2015,6,0,4,0,2,12,307,1.73,EM-DAT بازسازی آماری,D
اندونزی,2016,6,0,6,0,2,14,404,0.32,EM-DAT بازسازی آماری,D
اندونزی,2017,5,0,3,0,4,12,1544,2.27,EM-DAT بازسازی آماری,D
اندونزی,2018,11,0,6,0,6,23,721,16.02,EM-DAT بازسازی آماری,D
اندونزی,2019,7,0,3,0,6,16,363,0.19,EM-DAT بازسازی آماری,D
اندونزی,2020,5,1,4,0,2,12,419,4.0,EM-DAT بازسازی آماری,D
اندونزی,2021,8,1,5,0,0,14,604,1.6,EM-DAT بازسازی آماری,D
اندونزی,2022,13,1,6,2,5,27,1294,5.16,EM-DAT بازسازی آماری,D
اندونزی,2023,15,0,1,0,1,17,551,4.7,EM-DAT بازسازی آماری,D
اندونزی,2024,10,0,4,0,5,19,839,1.79,EM-DAT بازسازی آماری,D
استرالیا,1991,2,1,5,0,0,8,19,4.76,EM-DAT بازسازی آماری,D
استرالیا,1992,5,1,3,2,0,11,318,4.1,EM-DAT بازسازی آماری,D
استرالیا,1993,5,0,4,1,0,10,119,0.05,EM-DAT بازسازی آماری,D
استرالیا,1994,0,0,8,2,0,10,155,0.02,EM-DAT بازسازی آماری,D
استرالیا,1995,6,1,4,1,0,12,151,1.48,EM-DAT بازسازی آماری,D
استرالیا,1996,4,0,6,1,0,11,22,0.41,EM-DAT بازسازی آماری,D
استرالیا,1997,7,0,2,1,1,11,124,0.23,EM-DAT بازسازی آماری,D
استرالیا,1998,2,1,3,2,0,8,29,4.23,EM-DAT بازسازی آماری,D
استرالیا,1999,3,1,4,1,0,9,47,0.44,EM-DAT بازسازی آماری,D
استرالیا,2000,1,1,6,1,0,9,224,5.25,EM-DAT بازسازی آماری,D
استرالیا,2001,1,0,3,0,0,4,38,0.07,EM-DAT بازسازی آماری,D
استرالیا,2002,4,0,3,3,0,10,74,0.89,EM-DAT بازسازی آماری,D
استرالیا,2003,6,0,5,0,0,11,53,0.48,EM-DAT بازسازی آماری,D
استرالیا,2004,2,0,2,1,0,5,22,0.15,EM-DAT بازسازی آماری,D
استرالیا,2005,1,0,3,0,0,4,7,0.4,EM-DAT بازسازی آماری,D
استرالیا,2006,2,1,3,2,0,8,90,0.36,EM-DAT بازسازی آماری,D
استرالیا,2007,5,0,2,1,0,8,46,0.06,EM-DAT بازسازی آماری,D
استرالیا,2008,4,1,1,1,1,8,117,5.13,EM-DAT بازسازی آماری,D
استرالیا,2009,3,0,3,1,0,7,18,0.52,EM-DAT بازسازی آماری,D
استرالیا,2010,6,0,1,1,2,10,268,1.09,EM-DAT بازسازی آماری,D
استرالیا,2011,4,1,2,0,0,7,10,2.09,EM-DAT بازسازی آماری,D
استرالیا,2012,6,1,7,1,0,15,260,2.75,EM-DAT بازسازی آماری,D
استرالیا,2013,4,0,1,0,0,5,25,0.14,EM-DAT بازسازی آماری,D
استرالیا,2014,3,1,7,3,0,14,137,0.37,EM-DAT بازسازی آماری,D
استرالیا,2015,1,0,5,1,0,7,33,0.44,EM-DAT بازسازی آماری,D
استرالیا,2016,3,0,6,1,0,10,210,0.31,EM-DAT بازسازی آماری,D
استرالیا,2017,3,1,4,1,0,9,11,3.99,EM-DAT بازسازی آماری,D
استرالیا,2018,2,0,2,3,0,7,42,0.19,EM-DAT بازسازی آماری,D
استرالیا,2019,4,1,2,0,0,7,38,4.43,EM-DAT بازسازی آماری,D
استرالیا,2020,3,1,4,0,0,8,74,2.34,EM-DAT بازسازی آماری,D
استرالیا,2021,1,0,1,1,0,3,7,0.17,EM-DAT بازسازی آماری,D
استرالیا,2022,2,0,3,2,0,7,51,0.28,EM-DAT بازسازی آماری,D
استرالیا,2023,3,1,3,0,0,7,102,0.63,EM-DAT بازسازی آماری,D
استرالیا,2024,2,0,0,0,0,2,12,0.09,EM-DAT بازسازی آماری,D
آلمان,1991,1,0,0,0,0,1,23,0.2,EM-DAT بازسازی آماری,D
آلمان,1992,1,0,2,0,0,3,29,0.06,EM-DAT بازسازی آماری,D
آلمان,1993,5,0,2,0,1,8,25,0.56,EM-DAT بازسازی آماری,D
آلمان,1994,3,1,0,1,1,6,148,0.5,EM-DAT بازسازی آماری,D
آلمان,1995,4,0,0,1,0,5,42,0.4,EM-DAT بازسازی آماری,D
آلمان,1996,2,0,0,2,0,4,78,0.35,EM-DAT بازسازی آماری,D
آلمان,1997,4,0,0,0,0,4,21,0.42,EM-DAT بازسازی آماری,D
آلمان,1998,6,1,0,1,0,8,142,0.7,EM-DAT بازسازی آماری,D
آلمان,1999,3,0,1,2,0,6,22,0.24,EM-DAT بازسازی آماری,D
آلمان,2000,5,0,1,0,0,6,33,0.9,EM-DAT بازسازی آماری,D
آلمان,2001,1,0,2,0,0,3,39,0.32,EM-DAT بازسازی آماری,D
آلمان,2002,1,0,2,1,0,4,77,0.12,EM-DAT بازسازی آماری,D
آلمان,2003,1,0,0,0,0,1,5,0.0,EM-DAT بازسازی آماری,D
آلمان,2004,5,0,0,1,0,6,33,0.44,EM-DAT بازسازی آماری,D
آلمان,2005,1,0,6,0,1,8,62,0.17,EM-DAT بازسازی آماری,D
آلمان,2006,1,0,2,1,0,4,25,0.21,EM-DAT بازسازی آماری,D
آلمان,2007,1,0,1,0,0,2,0,0.14,EM-DAT بازسازی آماری,D
آلمان,2008,4,1,6,2,0,13,141,0.24,EM-DAT بازسازی آماری,D
آلمان,2009,2,0,1,0,1,4,91,0.16,EM-DAT بازسازی آماری,D
آلمان,2010,2,0,1,1,0,4,17,0.04,EM-DAT بازسازی آماری,D
آلمان,2011,2,0,2,1,0,5,128,0.24,EM-DAT بازسازی آماری,D
آلمان,2012,1,0,0,1,0,2,48,0.11,EM-DAT بازسازی آماری,D
آلمان,2013,3,0,1,1,0,5,60,0.1,EM-DAT بازسازی آماری,D
آلمان,2014,3,0,0,1,0,4,15,0.36,EM-DAT بازسازی آماری,D
آلمان,2015,3,0,2,0,1,6,156,0.79,EM-DAT بازسازی آماری,D
آلمان,2016,1,0,0,1,0,2,60,0.01,EM-DAT بازسازی آماری,D
آلمان,2017,2,0,0,0,2,4,268,0.02,EM-DAT بازسازی آماری,D
آلمان,2018,7,0,3,1,0,11,87,0.58,EM-DAT بازسازی آماری,D
آلمان,2019,5,0,5,3,1,14,262,0.11,EM-DAT بازسازی آماری,D
آلمان,2020,4,0,2,0,1,7,235,1.2,EM-DAT بازسازی آماری,D
آلمان,2021,0,1,0,0,0,1,0,0.62,EM-DAT بازسازی آماری,D
آلمان,2022,0,1,1,1,0,3,13,0.21,EM-DAT بازسازی آماری,D
آلمان,2023,1,0,1,1,1,4,151,0.11,EM-DAT بازسازی آماری,D
آلمان,2024,0,0,4,0,0,4,39,0.04,EM-DAT بازسازی آماری,D
فرانسه,1991,4,1,1,0,0,6,163,0.38,EM-DAT بازسازی آماری,D
فرانسه,1992,5,0,1,1,0,7,78,0.18,EM-DAT بازسازی آماری,D
فرانسه,1993,0,0,1,0,0,1,13,0.02,EM-DAT بازسازی آماری,D
فرانسه,1994,3,1,0,2,1,7,85,0.92,EM-DAT بازسازی آماری,D
فرانسه,1995,4,0,1,5,0,10,119,0.12,EM-DAT بازسازی آماری,D
فرانسه,1996,2,0,0,0,0,2,21,0.02,EM-DAT بازسازی آماری,D
فرانسه,1997,0,0,3,0,0,3,25,0.31,EM-DAT بازسازی آماری,D
فرانسه,1998,3,0,2,2,0,7,160,0.27,EM-DAT بازسازی آماری,D
فرانسه,1999,4,0,1,1,0,6,65,0.19,EM-DAT بازسازی آماری,D
فرانسه,2000,7,0,2,2,0,11,145,0.32,EM-DAT بازسازی آماری,D
فرانسه,2001,1,0,4,2,0,7,104,0.16,EM-DAT بازسازی آماری,D
فرانسه,2002,3,0,4,0,0,7,40,0.61,EM-DAT بازسازی آماری,D
فرانسه,2003,4,0,2,0,0,6,29,0.23,EM-DAT بازسازی آماری,D
فرانسه,2004,3,0,1,0,0,4,9,0.22,EM-DAT بازسازی آماری,D
فرانسه,2005,5,0,0,1,0,6,87,0.28,EM-DAT بازسازی آماری,D
فرانسه,2006,3,1,4,1,0,9,83,0.84,EM-DAT بازسازی آماری,D
فرانسه,2007,1,0,1,1,0,3,14,0.08,EM-DAT بازسازی آماری,D
فرانسه,2008,1,1,3,0,0,5,3,0.29,EM-DAT بازسازی آماری,D
فرانسه,2009,3,0,3,0,0,6,14,0.5,EM-DAT بازسازی آماری,D
فرانسه,2010,5,0,2,1,0,8,19,0.96,EM-DAT بازسازی آماری,D
فرانسه,2011,3,0,2,0,0,5,50,0.18,EM-DAT بازسازی آماری,D
فرانسه,2012,3,0,5,1,0,9,110,0.21,EM-DAT بازسازی آماری,D
فرانسه,2013,7,1,4,1,0,13,151,0.91,EM-DAT بازسازی آماری,D
فرانسه,2014,3,1,2,0,2,8,255,1.12,EM-DAT بازسازی آماری,D
فرانسه,2015,2,0,3,0,0,5,3,0.29,EM-DAT بازسازی آماری,D
فرانسه,2016,4,0,2,1,0,7,73,0.08,EM-DAT بازسازی آماری,D
فرانسه,2017,4,0,2,0,0,6,11,0.33,EM-DAT بازسازی آماری,D
فرانسه,2018,2,0,0,0,1,3,43,0.13,EM-DAT بازسازی آماری,D
فرانسه,2019,4,0,5,0,0,9,62,0.15,EM-DAT بازسازی آماری,D
فرانسه,2020,4,0,1,0,0,5,10,0.14,EM-DAT بازسازی آماری,D
فرانسه,2021,1,0,4,0,0,5,89,0.05,EM-DAT بازسازی آماری,D
فرانسه,2022,0,0,5,0,0,5,21,0.29,EM-DAT بازسازی آماری,D
فرانسه,2023,3,0,0,2,0,5,77,0.28,EM-DAT بازسازی آماری,D
فرانسه,2024,8,0,1,0,0,9,29,0.07,EM-DAT بازسازی آماری,D
ایتالیا,1991,3,0,1,0,0,4,93,0.49,EM-DAT بازسازی آماری,D
ایتالیا,1992,1,0,3,0,0,4,47,0.2,EM-DAT بازسازی آماری,D
ایتالیا,1993,5,0,0,1,1,7,56,0.38,EM-DAT بازسازی آماری,D
ایتالیا,1994,7,0,3,0,2,12,181,0.18,EM-DAT بازسازی آماری,D
ایتالیا,1995,2,0,4,3,1,10,76,0.16,EM-DAT بازسازی آماری,D
ایتالیا,1996,3,0,5,1,0,9,104,0.15,EM-DAT بازسازی آماری,D
ایتالیا,1997,4,0,2,0,1,7,163,0.63,EM-DAT بازسازی آماری,D
ایتالیا,1998,2,0,1,2,1,6,170,0.08,EM-DAT بازسازی آماری,D
ایتالیا,1999,0,1,1,1,2,5,87,0.2,EM-DAT بازسازی آماری,D
ایتالیا,2000,1,0,1,1,0,3,6,0.04,EM-DAT بازسازی آماری,D
ایتالیا,2001,3,0,2,1,2,8,90,0.05,EM-DAT بازسازی آماری,D
ایتالیا,2002,3,0,3,1,1,8,180,0.35,EM-DAT بازسازی آماری,D
ایتالیا,2003,3,0,0,1,0,4,26,0.01,EM-DAT بازسازی آماری,D
ایتالیا,2004,2,0,1,0,0,3,29,0.55,EM-DAT بازسازی آماری,D
ایتالیا,2005,5,0,2,2,0,9,138,0.35,EM-DAT بازسازی آماری,D
ایتالیا,2006,2,0,2,5,1,10,719,0.46,EM-DAT بازسازی آماری,D
ایتالیا,2007,4,0,0,1,1,6,193,0.22,EM-DAT بازسازی آماری,D
ایتالیا,2008,5,0,3,0,0,8,74,0.07,EM-DAT بازسازی آماری,D
ایتالیا,2009,1,0,2,0,1,4,7,0.38,EM-DAT بازسازی آماری,D
ایتالیا,2010,5,0,2,0,1,8,105,0.64,EM-DAT بازسازی آماری,D
ایتالیا,2011,7,0,0,0,1,8,196,0.42,EM-DAT بازسازی آماری,D
ایتالیا,2012,2,0,2,0,0,4,93,0.24,EM-DAT بازسازی آماری,D
ایتالیا,2013,4,0,4,2,1,11,178,0.34,EM-DAT بازسازی آماری,D
ایتالیا,2014,2,0,1,0,0,3,14,0.15,EM-DAT بازسازی آماری,D
ایتالیا,2015,3,0,0,0,2,5,164,0.16,EM-DAT بازسازی آماری,D
ایتالیا,2016,5,0,1,1,1,8,39,0.78,EM-DAT بازسازی آماری,D
ایتالیا,2017,2,1,0,1,2,6,117,0.26,EM-DAT بازسازی آماری,D
ایتالیا,2018,1,0,2,0,0,3,62,0.21,EM-DAT بازسازی آماری,D
ایتالیا,2019,1,0,2,1,0,4,41,0.12,EM-DAT بازسازی آماری,D
ایتالیا,2020,5,1,1,2,1,10,215,0.72,EM-DAT بازسازی آماری,D
ایتالیا,2021,2,0,4,1,0,7,120,0.07,EM-DAT بازسازی آماری,D
ایتالیا,2022,3,0,2,1,0,6,57,0.17,EM-DAT بازسازی آماری,D
ایتالیا,2023,3,0,3,0,1,7,311,0.53,EM-DAT بازسازی آماری,D
ایتالیا,2024,1,0,4,0,0,5,46,0.04,EM-DAT بازسازی آماری,D
اسپانیا,1991,1,0,3,1,0,5,89,0.25,EM-DAT بازسازی آماری,D
اسپانیا,1992,1,0,3,3,0,7,87,0.36,EM-DAT بازسازی آماری,D
اسپانیا,1993,2,0,1,2,1,6,162,0.18,EM-DAT بازسازی آماری,D
اسپانیا,1994,2,0,1,0,0,3,65,0.08,EM-DAT بازسازی آماری,D
اسپانیا,1995,3,0,3,1,0,7,184,0.18,EM-DAT بازسازی آماری,D
اسپانیا,1996,2,0,1,2,0,5,49,0.12,EM-DAT بازسازی آماری,D
اسپانیا,1997,2,0,0,2,0,4,96,0.07,EM-DAT بازسازی آماری,D
اسپانیا,1998,5,1,0,0,0,6,46,1.87,EM-DAT بازسازی آماری,D
اسپانیا,1999,3,0,2,1,0,6,49,0.18,EM-DAT بازسازی آماری,D
اسپانیا,2000,6,0,2,5,0,13,143,0.41,EM-DAT بازسازی آماری,D
اسپانیا,2001,2,0,2,0,0,4,176,0.21,EM-DAT بازسازی آماری,D
اسپانیا,2002,2,1,4,3,0,10,182,0.54,EM-DAT بازسازی آماری,D
اسپانیا,2003,1,0,2,0,0,3,30,0.26,EM-DAT بازسازی آماری,D
اسپانیا,2004,1,0,2,2,0,5,34,0.33,EM-DAT بازسازی آماری,D
اسپانیا,2005,2,0,1,0,2,5,117,0.2,EM-DAT بازسازی آماری,D
اسپانیا,2006,1,0,3,2,0,6,59,0.54,EM-DAT بازسازی آماری,D
اسپانیا,2007,4,0,2,2,0,8,89,0.09,EM-DAT بازسازی آماری,D
اسپانیا,2008,2,0,1,2,0,5,56,0.18,EM-DAT بازسازی آماری,D
اسپانیا,2009,6,1,5,1,0,13,220,0.95,EM-DAT بازسازی آماری,D
اسپانیا,2010,0,0,1,0,1,2,53,0.2,EM-DAT بازسازی آماری,D
اسپانیا,2011,2,0,0,1,0,3,35,0.4,EM-DAT بازسازی آماری,D
اسپانیا,2012,1,0,2,0,0,3,16,0.19,EM-DAT بازسازی آماری,D
اسپانیا,2013,0,1,1,0,0,2,1,2.26,EM-DAT بازسازی آماری,D
اسپانیا,2014,2,0,4,1,0,7,30,0.49,EM-DAT بازسازی آماری,D
اسپانیا,2015,3,1,4,1,0,9,75,1.42,EM-DAT بازسازی آماری,D
اسپانیا,2016,5,0,2,1,0,8,111,0.35,EM-DAT بازسازی آماری,D
اسپانیا,2017,2,0,0,0,0,2,12,0.2,EM-DAT بازسازی آماری,D
اسپانیا,2018,3,0,3,0,1,7,104,0.44,EM-DAT بازسازی آماری,D
اسپانیا,2019,3,0,1,1,1,6,104,0.14,EM-DAT بازسازی آماری,D
اسپانیا,2020,2,1,3,0,0,6,68,0.74,EM-DAT بازسازی آماری,D
اسپانیا,2021,5,0,2,1,0,8,127,0.24,EM-DAT بازسازی آماری,D
اسپانیا,2022,4,0,3,0,0,7,109,0.39,EM-DAT بازسازی آماری,D
اسپانیا,2023,5,0,1,0,1,7,128,0.92,EM-DAT بازسازی آماری,D
اسپانیا,2024,1,1,1,0,1,4,64,0.83,EM-DAT بازسازی آماری,D
هلند,1991,3,0,1,0,0,4,19,0.21,EM-DAT بازسازی آماری,D
هلند,1992,0,0,2,1,1,4,105,0.06,EM-DAT بازسازی آماری,D
هلند,1993,2,0,0,0,1,3,137,0.02,EM-DAT بازسازی آماری,D
هلند,1994,1,0,0,0,0,1,7,0.0,EM-DAT بازسازی آماری,D
هلند,1995,0,0,1,0,0,1,5,0.01,EM-DAT بازسازی آماری,D
هلند,1996,1,0,3,1,1,6,69,0.04,EM-DAT بازسازی آماری,D
هلند,1997,2,0,1,1,0,4,52,0.2,EM-DAT بازسازی آماری,D
هلند,1998,1,0,0,0,0,1,2,0.01,EM-DAT بازسازی آماری,D
هلند,1999,1,0,1,0,0,2,12,0.13,EM-DAT بازسازی آماری,D
هلند,2000,1,0,1,0,0,2,20,0.1,EM-DAT بازسازی آماری,D
هلند,2001,0,0,3,1,0,4,42,0.08,EM-DAT بازسازی آماری,D
هلند,2002,1,0,1,0,0,2,20,0.05,EM-DAT بازسازی آماری,D
هلند,2003,0,0,2,0,0,2,14,0.0,EM-DAT بازسازی آماری,D
هلند,2004,1,0,5,0,0,6,4,0.27,EM-DAT بازسازی آماری,D
هلند,2005,2,0,2,1,0,5,101,0.08,EM-DAT بازسازی آماری,D
هلند,2006,0,0,0,0,0,0,3,0.0,EM-DAT بازسازی آماری,D
هلند,2007,1,0,0,0,1,2,16,0.07,EM-DAT بازسازی آماری,D
هلند,2008,2,0,1,1,0,4,19,0.08,EM-DAT بازسازی آماری,D
هلند,2009,2,0,2,0,0,4,17,0.07,EM-DAT بازسازی آماری,D
هلند,2010,3,0,0,1,0,4,84,0.03,EM-DAT بازسازی آماری,D
هلند,2011,1,0,1,1,0,3,17,0.03,EM-DAT بازسازی آماری,D
هلند,2012,2,1,1,0,0,4,4,0.1,EM-DAT بازسازی آماری,D
هلند,2013,2,0,0,1,0,3,17,0.02,EM-DAT بازسازی آماری,D
هلند,2014,2,0,1,0,1,4,64,0.17,EM-DAT بازسازی آماری,D
هلند,2015,2,0,1,0,0,3,10,0.04,EM-DAT بازسازی آماری,D
هلند,2016,1,0,1,0,0,2,22,0.05,EM-DAT بازسازی آماری,D
هلند,2017,1,0,0,0,0,1,4,0.03,EM-DAT بازسازی آماری,D
هلند,2018,1,0,1,0,1,3,63,0.09,EM-DAT بازسازی آماری,D
هلند,2019,1,0,0,1,0,2,6,0.14,EM-DAT بازسازی آماری,D
هلند,2020,2,0,1,1,0,4,17,0.03,EM-DAT بازسازی آماری,D
هلند,2021,3,0,0,0,0,3,1,0.79,EM-DAT بازسازی آماری,D
هلند,2022,2,0,0,0,0,2,17,0.14,EM-DAT بازسازی آماری,D
هلند,2023,1,0,1,0,0,2,21,0.03,EM-DAT بازسازی آماری,D
هلند,2024,3,0,1,2,0,6,31,0.02,EM-DAT بازسازی آماری,D
ژاپن,1991,5,0,4,0,2,11,95,1.29,EM-DAT بازسازی آماری,D
ژاپن,1992,1,0,5,0,3,9,344,0.36,EM-DAT بازسازی آماری,D
ژاپن,1993,5,0,9,1,1,16,385,0.28,EM-DAT بازسازی آماری,D
ژاپن,1994,8,0,10,0,2,20,310,0.37,EM-DAT بازسازی آماری,D
ژاپن,1995,8,1,2,0,1,12,675,0.99,EM-DAT بازسازی آماری,D
ژاپن,1996,5,0,4,0,1,10,368,0.42,EM-DAT بازسازی آماری,D
ژاپن,1997,2,1,8,0,2,13,204,0.81,EM-DAT بازسازی آماری,D
ژاپن,1998,9,1,7,1,0,18,162,1.47,EM-DAT بازسازی آماری,D
ژاپن,1999,4,0,3,1,0,8,242,0.08,EM-DAT بازسازی آماری,D
ژاپن,2000,2,0,5,0,2,9,249,0.15,EM-DAT بازسازی آماری,D
ژاپن,2001,5,0,4,0,1,10,127,0.27,EM-DAT بازسازی آماری,D
ژاپن,2002,10,0,5,0,2,17,802,2.06,EM-DAT بازسازی آماری,D
ژاپن,2003,5,0,6,0,2,13,646,0.77,EM-DAT بازسازی آماری,D
ژاپن,2004,2,0,4,2,4,12,678,0.7,EM-DAT بازسازی آماری,D
ژاپن,2005,8,0,4,1,4,17,1287,0.16,EM-DAT بازسازی آماری,D
ژاپن,2006,1,0,3,0,5,9,278,0.1,EM-DAT بازسازی آماری,D
ژاپن,2007,3,0,5,0,3,11,201,1.42,EM-DAT بازسازی آماری,D
ژاپن,2008,4,0,6,0,1,11,220,0.31,EM-DAT بازسازی آماری,D
ژاپن,2009,4,0,4,0,3,11,203,0.54,EM-DAT بازسازی آماری,D
ژاپن,2010,5,0,4,1,2,12,280,0.75,EM-DAT بازسازی آماری,D
ژاپن,2011,6,1,4,1,4,16,370,1.23,EM-DAT بازسازی آماری,D
ژاپن,2012,8,0,11,0,1,20,490,2.1,EM-DAT بازسازی آماری,D
ژاپن,2013,5,0,3,0,1,9,297,1.17,EM-DAT بازسازی آماری,D
ژاپن,2014,3,0,6,2,4,15,944,1.04,EM-DAT بازسازی آماری,D
ژاپن,2015,7,0,7,0,3,17,182,2.94,EM-DAT بازسازی آماری,D
ژاپن,2016,11,0,5,0,4,20,718,0.52,EM-DAT بازسازی آماری,D
ژاپن,2017,8,0,5,2,3,18,188,2.19,EM-DAT بازسازی آماری,D
ژاپن,2018,9,0,1,0,6,16,880,6.65,EM-DAT بازسازی آماری,D
ژاپن,2019,4,0,5,0,0,9,185,3.03,EM-DAT بازسازی آماری,D
ژاپن,2020,3,0,1,1,4,9,265,1.45,EM-DAT بازسازی آماری,D
ژاپن,2021,2,0,5,0,5,12,322,0.37,EM-DAT بازسازی آماری,D
ژاپن,2022,5,0,5,1,1,12,288,2.24,EM-DAT بازسازی آماری,D
ژاپن,2023,8,0,5,0,2,15,680,2.35,EM-DAT بازسازی آماری,D
ژاپن,2024,5,0,2,0,2,9,122,2.61,EM-DAT بازسازی آماری,D
