id,indicator,value,unit,confidence,source_clause,proposed_by,notes
RR-08-01,رقابت نور لایهٔ تاج روی لایهٔ ۴ — حالت خرابی,احتمال زیاد · شدت متوسط · ریسک باقی‌مانده متوسط,حالت,C,بند ۱۰.۵ جدول ۱۰.۴,HP-08,شناسهٔ ریسک — یازده میدان الزامی — جایگزین رشتهٔ بن‌بست
RR-08-02,تلف گروهی نهال تاج‌پوش — حالت خرابی,احتمال متوسط · شدت بالا · ریسک باقی‌مانده بالا,حالت,C,بند ۱۰.۵ جدول ۱۰.۴,HP-08,شناسهٔ ریسک — یازده میدان الزامی
RR-08-03,فرسایش لختک بدون پوشت — حالت خرابی,احتمال زیاد · شدت متوسط · ریسک باقی‌مانده متوسط,حالت,C,بند ۱۰.۵ جدول ۱۰.۴,HP-08,شناسهٔ ریسک — یازده میدان الزامی
RR-08-04,تنش آبی لایهٔ علفی — حالت خرابی,احتمال زیاد · شدت بالا · ریسک باقی‌مانده بالا,حالت,C,بند ۱۰.۵ جدول ۱۰.۴,HP-08,شناسهٔ ریسک — یازده میدان الزامی
RR-08-05,نبود خط پایهٔ تراز آب زیرزمینی — حالت خرابی,احتمال زیاد · شدت بالا · ریسک باقی‌مانده بالا و ایستا,حالت,C,بند ۱۰.۵ جدول ۱۰.۴,HP-08,ریشهٔ این حالت خلأ سند رجیستری است نه نقص اجرایی
RR-08-06,شکستگی تاج پس از هرس اساسی — حالت خرابی,احتمال کم · شدت بالا · ریسک باقی‌مانده متوسط,حالت,C,بند ۱۰.۵ جدول ۱۰.۴,HP-08,ریشهٔ این حالت زمان‌بندی هرس است نه بیماری
RR-08-07,دوباره‌شماری هزینهٔ نیروی کار — حالت خرابی,احتمال زیاد · شدت متوسط · ریسک باقی‌مانده کم,حالت,C,بند ۱۰.۵ جدول ۱۰.۴,HP-08,ریشهٔ این حالت مغایرت ۶۳۰ دلاری بند ۵.۸ است
RR-08-08,شورشدن پیش‌روندهٔ خاک — حالت خرابی,احتمال زیاد · شدت بالا · ریسک باقی‌مانده بالا,حالت,C,بند ۱۰.۵ جدول ۱۰.۵,HP-08,ریشهٔ این حالت نبود جدول آستانهٔ تحمل گونه است
RR-08-09,سفیدشدن سطح بین دو ردیف — حالت خرابی,احتمال متوسط · شدت بالا · ریسک باقی‌مانده متوسط,حالت,C,بند ۱۰.۵ جدول ۱۰.۵,HP-08,قیمت پاسخ از جدول ۸.۳ نقل شده نه استعلام
RR-08-10,تلف بادام در سرمای زودرس — حالت خرابی,احتمال متوسط · شدت بالا · ریسک باقی‌مانده متوسط,حالت,C,بند ۱۰.۵ جدول ۱۰.۵,HP-08,قیمت پاسخ با دو برابر کردن FN-84 ساخته شده
RR-08-11,تلف بزه‌کار به‌دلیل بازگشت تک‌گونه — حالت خرابی,احتمال کم · شدت بالا · ریسک باقی‌مانده کم,حالت,C,بند ۱۰.۵ جدول ۱۰.۵,HP-08,قیمت پاسخ از جدول ۸.۳ نقل شده
RR-08-12,اجرای بسته در پایلوت بازنشسته — حالت خرابی,احتمال کم · شدت بالا · ریسک باقی‌مانده پایین,حالت,C,بند ۱۰.۵ جدول ۱۰.۵,HP-08,نمونهٔ این حالت در همین سند رخ داده — بند ۶.۴
HPX-08-01,میانگین CAPEX دوازده بسته,۳۷۸٫۷۵,دلار در هکتار,C,بند ۱۱.۱۴ جدول ۱۱.۱۴,HP-08,مشتق از FN-03 برابر ۴۵۴۵ تقسیم بر ۱۲ — نیازمند ثبت در موج صفر
HPX-08-02,نسبت CAPEX این بسته به میانگین دوازده بسته,۲٫۵۱,برابر,C,بند ۱۱.۱۴ جدول ۱۱.۱۴,HP-08,مشتق از FN-81 تقسیم بر HPX-08-01 — جایگزین صفت «بالاترین» حذف‌شده
HPX-08-03,نسبت منفعت به هزینه در نرخ تنزیل ده درصد,۶٫۰۰,نسبت,C,بند ۹.۱۱ جدول ۹.۱۱,HP-08,مشتق از جدول ۹.۵ و FN-01 — تنها عدد رسمی نرخ تنزیل
HPX-08-04,هزینهٔ اجرای بازتولیدپذیر از جدول‌های ۵.۱ و ۵.۲,۱٬۵۸۰,دلار در هکتار,C,بند ۵.۸ و بند ۵.۱۰,HP-08,۶۳۰ دلار آن با CAPEX سرصفحه دوباره‌شماری می‌شود — مغایرت حل‌نشده
HPX-08-05,هزینهٔ عملیاتی ده‌ساله بازمحاسبه,۱٬۳۰۰,دلار در هکتار,C,بند ۹.۵ جدول ۹.۵,HP-08,شامل هزینهٔ سال نخست — عدد سرصفحهٔ FN-82 برابر ۱۲۰ سالانه محافظت‌شده است
HPX-08-06,نسبت منفعت به هزینهٔ بستهٔ بازمحاسبه,۱۰٫۰۰,نسبت,C,بند ۹.۴ جدول ۹.۴,HP-08,تنزیل‌نشده — برچسب تک‌هکتاری افق ۱۰ ساله بدون خدمات اکوسیستمی
HPX-08-07,مجموع درآمد ده‌سالهٔ بازتولیدپذیر,۲۲٬۵۰۰,دلار در هکتار,C,بند ۹.۴ جدول ۹.۲,HP-08,جمع ستون مجموع درست جدول ۹.۲ — عدد سرصفحهٔ FN-83 برابر ۲۵۰۰ فقط یک سال از این ده سال است
HPX-08-08,نقطهٔ بازگشت سرمایهٔ بازمحاسبه,۳,سال,C,بند ۹.۴ جدول ۹.۵,HP-08,سال ۲ عدد سرصفحهٔ محافظت‌شده با درآمد نادرست به دست می‌آمد
HPX-08-09,فرسایش سال دهم با پوشش پنج‌لایه,۱۰٫۰۵,تن در هکتار در سال,C,بند ۳.۱۲.۲ جدول ۳.۸,HP-08,کاهش ۶۶٫۵ درصد — جایگزین ادعای ۹۰ درصد سال دهم
HPX-08-10,کاهش فرسایش در سال دهم,۶۶٫۵,درصد,C,بند ۳.۱۲.۲,HP-08,مدل فرسایش چندلایه — ۹۰ درصد فقط حالت حدی سال بیستم است
HPX-08-11,ضریب تنش خشکی با مالچ,۰٫۴۰,بدون بعد,C,بند ۳.۱۱ جدول ۳.۶,HP-08,هدف طراحی — سازوکار مالچ ضخیم نه نازک
HPX-08-12,ضریب تنش خشکی بدون مالچ,۰٫۲۵,بدون بعد,C,بند ۳.۱۱ جدول ۳.۶,HP-08,اختلاف ۰٫۱۵ با حالت مالچ — سازوکار تاب‌آوری خشکسالی
HPX-08-13,نسبت قابل بازتولید ضریب تاب‌آوری خشکسالی,۱٫۶۰,برابر,C,بند ۳.۱۱.۳,HP-08,ضریب سه برابر TO-128 سازوکار بازتولید ندارد — این سازوکار را دارد
HPX-08-14,بازهٔ شاخص شانون برای ۲۵ گونه,۰٫۹۳ تا ۳٫۲۱,بیت,C,بند ۳.۱۰.۲ جدول ۳.۴,HP-08,جایگزین عدد ساختگی H′=۲٫۵ — غنا به‌تنهایی شاخص پایداری نمی‌سازد
HPX-08-15,بازهٔ قابل دفاع شاخص شانون در سال سوم,۲٫۰۹ تا ۲٫۸۰,بیت,C,بند ۳.۱۰.۳,HP-08,یافتهٔ منفی — هدف ۲٫۰۹ در هیچ توزیع آزموده‌شده‌ای به دست نیامد
HPX-08-16,ضریب پایداری وزنی سه‌مخزنی کربن,۰٫۳۵۰,بدون بعد,C,بند ۳.۱۳.۱ جدول ۳.۹,HP-08,مدل تشخیصی — نشان می‌دهد چرا فرمول تک‌ضریبی معتبر نیست
HPX-08-17,سطح برگ مؤثر پنج‌لایه,۷٫۷,مترمربع بر مترمربع,C,بند ۳.۸.۲ جدول ۳.۲,HP-08,در برابر مجموع سطح برگ اسمی ۱۰٫۰ — ۲۳ درصد در سایه گم می‌شود
HPX-08-18,نسبت نور مفید لایهٔ زیرتاج,۰٫۸۰,بدون بعد,C,بند ۳.۸.۲ جدول ۳.۲,HP-08,ضریب هدف طراحی — منبع بیرونی تأییدشده ندارد
HPX-08-19,بارش سالانهٔ دیشموک — مقدار طراحی,۴۰۰,میلی‌متر,C,بند ۶.۲,HP-08,تصحیح عدد ۳۵۰ نسخهٔ پیشین — درون بازهٔ PL-05 برابر ۳۰۰ تا ۴۵۰ است
HPX-08-20,حجم نفر-ساعت ده عملیات اجرا,۵۸٫۸,نفر-ساعت در هکتار,C,بند ۵.۷ جدول ۵.۳,HP-08,تفکیک روش ماشینی و دستی طبق قاعدهٔ نگارش
HPX-08-21,هزینهٔ نگهداری سالانهٔ بازمحاسبه,۱۳۰,دلار در هکتار در سال,C,بند ۸.۲ جدول ۸.۲,HP-08,جمع ردیف‌های جدول با سرشکن — عدد سرصفحهٔ FN-82 برابر ۱۲۰ با هیچ جمعی سازگار نبود
HPX-08-22,هزینهٔ اجرای چهارده روز کاری,۱٬۱۹۰,دلار در هکتار,C,بند ۵.۱ جدول ۵.۱,HP-08,یازده نقش متناوب — بزرگ‌ترین قلم هزینهٔ اجرا
HPX-08-23,هزینهٔ تجهیزات اجرا,۳۹۰,دلار در هکتار,C,بند ۵.۱ جدول ۵.۲,HP-08,هشت گروه تجهیز — یک‌بار برای تیم خریداری می‌شود
HPX-08-24,سهم نیروی کار از هزینهٔ اجرا,۷۶,درصد,C,بند ۵.۸,HP-08,حساس‌ترین متغیر بسته — دو برابر شدن آن نسبت را به ۵٫۰۶ می‌آورد
HPX-08-25,هزینهٔ حفاظت فردی برای تیم,۲۳۲,دلار,C,بند ۱۰.۲ جدول ۱۰.۱,HP-08,هفت گروه — یک بار برای تیم نه به‌ازای هر هکتار
HPX-08-26,آستانهٔ توقف کار در باد,۵,متر بر ثانیه,C,بند ۱۰.۲٫۱ جدول ۱۰.۹,HP-08,دستور ایمنی اجرایی — در بند ۱۰ استاندارد نیست
HPX-08-27,هزینهٔ هدف طراحی چاهک مشاهدهٔ تراز آب,۴۰۰,دلار,C,بند ۳.۹.۴,HP-08,دو چاهک در هر پایلوت فعال — گره‌گاه RR-08-05 با ریسک ایستا
HPX-08-28,عمق تراز آب زیرزمینی — مقدار طراحی,منهای ۱۷ تا مثبت ۱٫۵,متر,C,بند ۳.۹.۳ جدول ۳.۳,HP-08,اندازه‌گیری‌نشده — دسترسی ریشه در دو اقلیم از سه فعال صفر است
HPX-08-29,تعداد ردیف جدول پیوست الف,۱۲۶,ردیف,C,پیوست الف جدول پ.الف.۱,HP-08,عدد خوداظهاری — هشتاد و سه ردیف دارای شناسهٔ معتبر و نوزده سطر مغایرت
HPX-08-30,تعداد سطر مغایرت حل‌نشدهٔ این بسته,۵,سطر,C,پیوست الف,HP-08,چهار سطر مالی و یک سطر سندی — همه به مالی برنامه گزارش می‌شوند
