id,domain,indicator,value,unit,source_primary,year,confidence,consumers,action,status
MD-04V,مدل شبیه‌سازی,نسخهٔ مصوب مدل AquaCrop,۷٫۳,شمارهٔ نسخه,فائو — بخش سرزمین و آب — یادداشت انتشار ژوئیهٔ ۲۰۲۶ — سند مرجع بند ۸٫۱,۲۰۲۶,A,جلد راهبردی و جلد فنی,جایگزین نسخهٔ ۷٫۱ منسوخ,ثبت شد
MD-05V,مدل شبیه‌سازی,نسخهٔ مصوب مدل WEAP,۲۰۲۵٫۰,شمارهٔ نسخه,مؤسسهٔ محیط زیست استکهلم — سند مرجع بند ۸٫۱,۲۰۲۵,A,جلد راهبردی و جلد فنی,جایگزین نسخهٔ ۲۰۲۳ منسوخ و نام قدیمی,ثبت شد
MD-07V,مدل شبیه‌سازی,نسخهٔ مصوب مدل HYDRUS,۵٫۰۶,شمارهٔ نسخه,PC-Progress — اکتبر ۲۰۲۵ — سند مرجع بند ۸٫۱,۲۰۲۵,A,جلد راهبردی و جیلد فنی,جایگزین نسخهٔ ۵٫۰ منسوخ,ثبت شد
MR-31,پایش,تعداد نمودار تحلیلی جلد راهبردی,۱۶,نمودار,شمارش ماشینی با روش شماره‌گذاری فصلی روی جلد راهبردی — ۱٫۱ ۱٫۲ ۱٫۳ ۱٫۹٫۱ ۲٫۱ ۳٫۱ ۳٫۲ ۳٫۳ ۴٫۱ ۴٫۲ ۵٫۳٫۱ ۷٫۱ ۹٫۲٫۱ ۹٫۸٫۱ ۱۰٫۱ ۱۰٫۲,۱۴۰۵,A,جلد راهبردی,جایگزین عدد ۲۶ نمودار که در نسخهٔ پیشین چاپ شده بود و واقعی نبود,ثبت شد
MR-32,پایش,تعداد ضمائم جلد راهبردی,۷,ضمیمه,شمارش ماشینی ضمائم از الف تا ج در جلد راهبردی,۱۴۰۵,A,جلد راهبردی,سرصفحهٔ نسخهٔ جلد راهبردی به این ردیف ارجاع می‌دهد,ثبت شد
ID-020,هویت,نسخهٔ جلد راهبردی هیدروما,v3.0,قالب vX.Y,سرصفحهٔ نسخهٔ جلد راهبردی — بخش اصلاح نسخه‌ای وی.۱۰,۱۴۰۵,A,جلد راهبردی,تنها یک رشتهٔ نسخه در سرصفحهٔ این جلد,ثبت شد
FN-30,مالی,دورهٔ بازگشت در سناریوی بدبینانه با تک‌متغیرهٔ هزینه,۵٫۲۶,سال,محاسبه ۴٫۶۳ FN-23 ضرب در ۱۰۰۰ تقسیم بر ۸۸۰ — تک‌متغیره هزینه در هکتار,۱۴۰۵,C,جلد راهبردی بند ۷٫۴,مقدار مشتق از FN-23 و نه مقدار مستقل — تا بازبینی حساسیت منتشر بماند,باز
FN-31,مالی,نسبت منافع به هزینه در سناریوی بدبینانه با تک‌متغیرهٔ هزینه,۱٫۹۵۳,نسبت,محاسبه ۲٫۲۱۹۳ FN-21 ضرب در ۸۸۰ تقسیم بر ۱۰۰۰ — تک‌متغیره هزینه در هکتار,۱۴۰۵,C,جلد راهبردی بند ۷٫۴ و ۷٫۴٫۵,مقدار مشتق از FN-21 و نه مقدار مستقل — تا بازبینی حساسیت منتشر بماند,باز
FN-32,مالی,نسبت منافع به هزینه در سناریوی خوش‌بینانه با تک‌متغیرهٔ هزینه,۲٫۴۴۱۲,نسبت,محاسبه ۲٫۲۱۹۳ FN-21 ضرب در ۸۸۰ تقسیم بر ۸۰۰ — تک‌متغیره هزینه در هکتار,۱۴۰۵,C,جلد راهبردی بند ۷٫۴,مقدار مشتق از FN-21 و نه مقدار مستقل — تا بازبینی حساسیت منتشر بماند,باز
FN-33,مالی,دورهٔ بازگشت در سناریوی خوش‌بینانه با تک‌متغیرهٔ هزینه,۴٫۲۱,سال,محاسبه ۴٫۶۳ FN-23 ضرب در ۸۰۰ تقسیم بر ۸۸۰ — تک‌متغیره هزینه در هکتار,۱۴۰۵,C,جلد راهبردی بند ۷٫۴,مقدار مشتق از FN-23 و نه مقدار مستقل — تا بازبینی حساسیت منتشر بماند,باز
FN-34,مالی,ارزش فعلی خالص در صدک دهم مونتکارلو,۲۳۴٫۳۰,میلیون دلار,محاسبه ۴۳۹٫۳۰۶ FN-22 ضرب در ضریب صدک ۰٫۵۳۳ — ضریب از نسخهٔ پیشین حفظ شد,۱۴۰۵,C,جلد راهبردی بند ۷٫۱۳٫۱ و ۷٫۸٫۶,ضریب صدک باید با روش مونتکارلوی ثبت‌شده در جلد فنی تطبیق داده شود,باز
FN-35,مالی,ارزش فعلی خالص در صدک نودم مونتکارلو,۷۳۲٫۱۸,میلیون دلار,محاسبه ۴۳۹٫۳۰۶ FN-22 ضرب در ضریب صدک ۱٫۶۶۷ — ضریب از نسخهٔ پیشین حفظ شد,۱۴۰۵,C,جلد راهبردی بند ۷٫۱۳٫۱,ضریب صدک باید با روش مونتکارلوی ثبت‌شده در جلد فنی تطبیق داده شود,باز
FN-36,مالی,نسبت منافع به هزینه در صدک دهم مونتکارلو,۱٫۷۵۲,نسبت,محاسبه ۲٫۲۱۹۳ FN-21 ضرب در ضریب صدک ۰٫۷۸۹,۱۴۰۵,C,جلد راهبردی بند ۷٫۱۳٫۱,همان ضریبی که در نسخهٔ پیشین جدول صدک‌ها را می‌ساخت,باز
FN-37,مالی,نسبت منافع به هزینه در صدک نودم مونتکارلو,۲٫۸۰۳,نسبت,محاسبه ۲٫۲۱۹۳ FN-21 ضرب در ضریب صدک ۱٫۲۶۳,۱۴۰۵,C,جلد راهبردی بند ۷٫۱۳٫۱,همان ضریبی که در نسخهٔ پیشین جدول صدک‌ها را می‌ساخت,باز
FN-38,مالی,دورهٔ بازگشت در صدک دهم مونتکارلو,۵٫۹۵,سال,محاسبه ۴٫۶۳ FN-23 ضرب در ضریب صدک ۱٫۲۸۶,۱۴۰۵,C,جلد راهبردی بند ۷٫۱۳٫۱ و ۷٫۸٫۶,همان ضریبی که در نسخهٔ پیشین جدول صدک‌ها را می‌ساخت,باز
FN-39,مالی,دورهٔ بازگشت در صدک نودم مونتکارلو,۳٫۷۰,سال,محاسبه ۴٫۶۳ FN-23 ضرب در ضریب صدک ۰٫۸۰۰,۱۴۰۵,C,جلد راهبردی بند ۷٫۱۳٫۱,همان ضریبی که در نسخهٔ پیشین جدول صدک‌ها را می‌ساخت,باز
FN-40,مالی,نسبت منافع به هزینه در سناریوی ترکیبی بحران چندگانه,۱٫۳۳۲,نسبت,محاسبه ۲٫۲۱۹۳ FN-21 ضرب در ۰٫۶۰ — کاهش ۶۰ درصدی درآمد,۱۴۰۵,C,جلد راهبردی ضمیمهٔ E بند E.۶,مقدار مشتق از FN-21 و نه مقدار مستقل,باز
FN-41,مالی,ارزش فعلی خالص در سناریوی ترکیبی بحران چندگانه,۱۷۵٫۷۲,میلیون دلار,محاسبه ۴۳۹٫۳۰۶ FN-22 ضرب در ۰٫۴۰,۱۴۰۵,C,جلد راهبردی ضمیمهٔ E بند E.۶,مقدار مشتق از FN-22 و نه مقدار مستقل,باز
FN-42,مالی,دورهٔ بازگشت در سناریوی ترکیبی بحران چندگانه,۶٫۸۲,سال,محاسبه ۴٫۶۳ FN-23 ضرب در ۱٫۴۷,۱۴۰۵,C,جلد راهبردی ضمیمهٔ E بند E.۶,مقدار مشتق از FN-23 و نه مقدار مستقل,باز
FN-43,مالی,ارزش خلق‌شده سالانه در مقیاس نهایی,۳٬۷۴۸٫۰۶,میلیون دلار در سال,محاسبه ۲٬۳۹۰ به‌علاوهٔ ۹۰۰ به‌علاوهٔ ۳۵۸٫۰۶ به‌علاوهٔ ۱۰۰ — سطر اکوسیستمی از ES-07 و SC-03,۱۴۰۵,C,جلد راهبردی بند ۷٫۱۴,جایگزین عدد ۳٬۷۵۰ که بر سطر اکوسیستمی بازنشستهٔ ۳۶۰ بنا شده بود,باز
FN-44,مالی,ارزش افزوده خالص و اثرات مثبت ارزی سالانه,۲٬۳۵۸٫۰۶,میلیون دلار در سال,محاسبه ۱٬۰۰۰ به‌علاوهٔ ۱٬۳۵۸٫۰۶,۱۴۰۵,C,جلد راهبردی بند ۷٫۱۴٫۲,جایگزین عدد ۲٬۳۶۰,باز
ES-31,خدمات اکوسیستمی,سهم گرده‌افشانی حذف‌شده از ماتریس خدمات,۸۰,دلار بر هکتار در سال,تصمیم ۲۲ سند مرجع — سطر حذف‌شده از ES-07 و موجود در ES-07A,۱۴۰۵,A,سند مرجع و جلد راهبردی,سطر گرده‌افشانی در ماتریس خدمات اکوسیستمی جلد راهبردی حذف شد,ثبت شد
GV-06,حکمرانی,دامنهٔ حق وتوی کارگروه‌های منظر,تمام مداخلات فنی,دامنهٔ حق وتو,تصمیم طراحی جلد راهبردی بند ۹ — جایگزین بیان درصدی ۱۰۰ درصد مداخلات,۱۴۰۵,C,جلد راهبردی ضمیمهٔ G,عدد درصدی از متن حذف شد و دامنه با عبارت کیفی صریح جایگزین شد,باز
